代號, 名稱,divavg, y18, y17, y16, y15, y14
50, 元大台灣50,1.49,0.7,2.2,1.7,0.85,2
51, 元大中型100,0.68,0,1,0.85,0.7,0.85
52, 富邦科技,1.244,0.65,1.72,1.41,2.44, nan
53, 元大電子,0.83,0,1.1,1.15,1,0.9
54, 元大台商50,0.58,0,0.75,0.75,0.7,0.7
55, 元大MSCI金融,0.41,0,0.65,0.5,0.45,0.45
56, 元大高股息,0.93,0,1.45,0.95,1.3,0.95
57, 富邦摩台,0.336,0, nan, nan,1.68, nan
61, 元大寶滬深,0,0, nan, nan, nan, nan
1101, 台泥,2.016,3.31,1.5,1.45,1.33,2.49
1102, 亞泥,1.64,2.8,1.2,0.9,1.1,2.2
1103, 嘉泥,0.42,1,0.5,0.2,0.1,0.3
1104, 環泥,1.06,1,1.1,1.2,1,1
1108, 幸福,0.41,0,0,0.6,0.85,0.6
1109, 信大,0.28,0.8,0.1,0.1,0.2,0.2
1110, 東泥,0.14,0.1,0.1,0.1,0.2,0.2
1201, 味全,0.16,0.8,0, nan, nan, nan
1203, 味王,1.06,1,1.3,1,1,1
1210, 大成,1.34,1.5,2,1.5,0.7,1
1213, 大飲,0,0,0, nan,0, nan
1215, 卜蜂,2.4,3,3,3,2,1
1216, 統一,2.7,2.5,5.5,2.1,2,1.4
1217, 愛之味,0,0,0, nan,0, nan
1218, 泰山,0.24,0.8,0.4,0, nan, nan
1219, 福壽,0.226,0.1,0.3,0.3,0.25,0.18
1220, 台榮,0.462,0.46,0.4,0.65,0.5,0.3
1225, 福懋油,0.98,1.15,1.25,1.25,1,0.25
1227, 佳格,1.86,2.5,2,1.6,1.6,1.6
1229, 聯華,1.52,1.6,1.8,1.6,1.2,1.4
1231, 聯華食,1.434,1.8,1.4,1.75,1.32,0.9
1232, 大統益,5,5,5,5,5,5
1233, 天仁,1.97,1.9,2.25,1.6,2,2.1
1234, 黑松,1.56,1.6,1.5,2,1.5,1.2
1235, 興泰,0,0,0, nan, nan,0
1236, 宏亞,0.56,0.4,0.1,0.3,0.7,1.3
1240, 茂生農經,1.3,1.5,2.5,2.5, nan, nan
1256, 鮮活果汁-KY,4.98,6.2,5,4.2,4,5.5
1258, 其祥-KY,0.926,0,0.5,1.31,1.52,1.3
1259, 安心,2.92,3,3.5,3,2.8,2.3
1264, 德麥,10.3,11,10.5,10,10,10
1268, 漢來美食,3.906,6.97,6.58,5.98, nan, nan
1301, 台塑,4.28,5.8,5.7,4.6,3.6,1.7
1303, 南亞,4.04,5,5.1,4.5,3.3,2.3
1304, 台聚,0.4,0.3,0.3,0.5,0.5,0.4
1305, 華夏,1.18,1.5,1.5,1.7,1,0.2
1307, 三芳,1.54,0.5,1.7,2.2,1.7,1.6
1308, 亞聚,0.4,0.3,0.2,0.6,0.6,0.3
1309, 台達化,0.04,0.2,0, nan, nan, nan
1310, 台苯,1.36,2,1.6,2.2,1, nan
1312, 國喬,0.62,0,1,1,0.8,0.3
1313, 聯成,0.44,0.2,1,0.6,0.2,0.2
1314, 中石化,0.1,0.5,0, nan, nan, nan
1315, 達新,1.12,1.2,1.1,1.1,1.1,1.1
1316, 上曜,0.83,1.89,2.26, nan, nan,0
1319, 東陽,1.602,1.7,2.05,2.12,1.4,0.74
1321, 大洋,0,0,0, nan, nan, nan
1323, 永裕,1.65,1.8,1.3,1.8,1.55,1.8
1324, 地球,0.34,0.3,0.3,0.4,0.4,0.3
1325, 恆大,0.56,0.5,0.35,0.8,0.7,0.45
1326, 台化,4.7,6.2,7,5.6,3.5,1.2
1333, 恩得利,0,0,0, nan, nan, nan
1336, 台翰,0.278,0.79,0.6, nan, nan, nan
1337, 再生-KY,0.07,0,0,0.01,0.3,0.04
1338, 廣華-KY,4.14,3.5,5,4,4.5,3.7
1339, 昭輝,2,2,2,2,2,2
1340, 勝悅-KY,0.94,0.2,0.3,1.2,1,2
1341, 富林-KY,0.6,3, nan, nan, nan, nan
1402, 遠東新,1.2,1.8,1.2,0.8,1,1.2
1409, 新纖,0.456,0.85,0.5,0.25,0.25,0.43
1410, 南染,1.33,1.3,1.4,1.45,1.3,1.2
1413, 宏洲,0,0,0, nan, nan, nan
1414, 東和,0.244,0.2,0.32,0.2,0.2,0.3
1416, 廣豐,1.34,1.2,1.2,3,1,0.3
1417, 嘉裕,0,0,0, nan, nan, nan
1418, 東華,0,0,0, nan, nan, nan
1419, 新紡,1.14,0.85,3.73,0.46,0.35,0.31
1423, 利華,0,0,0, nan, nan, nan
1432, 大魯閣,0,0,0, nan, nan, nan
1434, 福懋,1.62,2.1,1.9,1.5,1.2,1.4
1435, 中福,0,0,0, nan, nan, nan
1436, 華友聯,1.4,2,2.5,1,0,1.5
1437, 勤益控,0.3,0.5,0.5,0.5, nan, nan
1438, 裕豐,0,0,0, nan, nan, nan
1439, 中和,0.3,0,0,0.5,0.5,0.5
1440, 南紡,0.34,0.4,0.36,0.32,0.45,0.17
1441, 大東,0.08,0.4,0, nan, nan, nan
1442, 名軒,1.328,1,1.8,0.99,1,1.85
1443, 立益,0,0,0, nan, nan, nan
1444, 力麗,0.38,0.4,0.5, nan,0.5,0.5
1445, 大宇,0.3,0.2,0.2,0.3,0.5,0.3
1446, 宏和,0.3,0.3,0.3,0.3,0.3,0.3
1447, 力鵬,0.04,0.2,0, nan, nan,0
1449, 佳和,0,0,0, nan, nan, nan
1451, 年興,1.66,2,1.5,1.5,1.5,1.8
1452, 宏益,1.36,1.4,1.4,1.2,1.8,1
1453, 大將,0,0,0, nan,0, nan
1454, 台富,0.32,0.2,0.2,0.3,0.5,0.4
1455, 集盛,0.26,0.2,0.4,0.3,0.2,0.2
1456, 怡華,0,0,0, nan, nan, nan
1457, 宜進,0.56,0.7,0.7,0.5,0.6,0.3
1459, 聯發,0.17,0,0.1, nan,0.2,0.55
1460, 宏遠,0.38,0,0,0.4,0.8,0.7
1463, 強盛,1.786,1.4,3,3.3,0.7,0.53
1464, 得力,1.76,1.5,2.2,1.93,2.2,0.97
1465, 偉全,0.64,0.3,0.4,0.65,0.9,0.95
1466, 聚隆,0.1,0,0, nan, nan,0.5
1467, 南緯,0.1,0,0, nan, nan,0.5
1468, 昶和,0,0,0, nan, nan, nan
1470, 大統新創,0.53,0.4,0.5,0.55,0.6,0.6
1471, 首利,0,0,0, nan, nan, nan
1472, 三洋紡,0,0,0, nan, nan, nan
1473, 台南,1,0.5,0.5,1.2,1.2,1.6
1474, 弘裕,0.46,0.3,0.6,0.6,0.5,0.3
1475, 本盟,0,0,0, nan, nan, nan
1476, 儒鴻,9.9,11,9.5,10.5,10.5,8
1477, 聚陽,7.406,7.1,6,6.71,9.52,7.7
1503, 士電,1.4,1.5,1.3,1.2,1.5,1.5
1504, 東元,0.908,0.9,0.86,0.88,0.8,1.1
1506, 正道,0,0,0, nan, nan, nan
1507, 永大,2.38,1.8,2,2.4,2.7,3
1512, 瑞利,0,0,0, nan, nan, nan
1513, 中興電,1.04,1,1,1,1,1.2
1514, 亞力,0.526,0.7,0.5,0.5,0.48,0.45
1515, 力山,0.84,2,1.2,0.5,0.5, nan
1516, 川飛,0.074,0,0,0.37,0, nan
1517, 利奇,0.33,0.25,0.2,0.2,0.5,0.5
1519, 華城,0.54,0.3,0.4,0.8,0.6,0.6
1521, 大億,4.7,3.8,5.2,5.2,5,4.3
1522, 堤維西,1.48,1.3,1.6,2,1.5,1
1524, 耿鼎,0.29,0.5,0.45,0.5, nan, nan
1525, 江申,1.86,1.8,2.4,2.3,1.4,1.4
1526, 日馳,0.64,1,1,0.8,0.4, nan
1527, 鑽全,3.16,4,1.4,4.1,3.3,3
1528, 恩德,0.28,0.2,0.5,0.5,0.1,0.1
1529, 樂士,0.04,0.2,0, nan, nan, nan
1530, 亞崴,1.33,2,1.25,0.7,0.5,2.2
1531, 高林股,0.66,0.5,0.8,0.6,0.6,0.8
1532, 勤美,1.9,2.7,1.5,1.7,2.1,1.5
1533, 車王電,0.38,0.8,0.3,0.2,0.1,0.5
1535, 中宇,2.33,1.1,1.25,1.8,3,4.5
1536, 和大,3.21,3.5,3.75,3.5,3.2,2.1
1537, 廣隆,8.5,10,9.5,9,7.5,6.5
1538, 正峰新,0,0,0, nan, nan, nan
1539, 巨庭,1.218,1.8,1,1.2,1.2,0.89
1540, 喬福,1.12,1.5,0.6,1,1,1.5
1541, 錩泰,2.144,1,1.5,3.3,3.21,1.71
1558, 伸興,9.5,11,8.5,9.5,9.5,9
1560, 中砂,3.56,3.5,3.5,3,3.7,4.1
1565, 精華,25.17,26.5,25,27,23.5,23.85
1568, 倉佑,0.83,0.65,0.8,1.2,1,0.5
1569, 濱川,0.248,0.25,0.6,0.39, nan, nan
1570, 力肯,0.52,0.8,0.8,0.5,0.5, nan
1580, 新麥,7.7,6.5,8,8.5,7,8.5
1582, 信錦,5.19,6.5,5,5.45,4.5,4.5
1583, 程泰,2.1,3,2.5,1,0.5,3.5
1584, 精剛,0,0,0, nan, nan, nan
1586, 和勤,0.352,0.5,0.2, nan,0,1.06
1587, 吉茂,0.518,0.1,0.44,2.05, nan, nan
1589, 永冠-KY,3.856,0,1.53,3.25,8.5,6
1590, 亞德客-KY,5.37,5.24,7.44,5.37,4,4.8
1591, 駿吉-KY,0.4,1,0,1, nan,0
1592, 英瑞-KY,1.04,0,1,2.2,1,1
1593, 祺驊,2.948,4,3.24,2.4,3,2.1
1595, 川寶,2.84,2.5,4,0.5,2.7,4.5
1597, 直得,0.8,1,1,1,0.5,0.5
1598, 岱宇,0.89,0.35,0.5,2.1,1.5, nan
1599, 宏佳騰,2.192,1,1.01,4,3,1.95
1603, 華電,0.4,0,1,0.5,0.5, nan
1604, 聲寶,1.008,1.4,0.2,1.4,1.04,1
1605, 華新,0.622,1.2,1,0.7,0.21, nan
1608, 華榮,0.146,0,0.73, nan, nan, nan
1609, 大亞,0.13,0.3,0.35, nan, nan, nan
1611, 中電,0.23,0.15,1, nan, nan, nan
1612, 宏泰,0.392,0.32,0.5,0.28,0.26,0.6
1614, 三洋電,0.846,0.91,0.7,1.05,0.81,0.76
1615, 大山,0.72,1.35,0.9,0.75,0.3,0.3
1616, 億泰,0,0,0, nan, nan, nan
1617, 榮星,0.52,1,0.6,0.4,0.3,0.3
1618, 合機,0.29,0.3,0.3,0.3,0.35,0.2
1626, 艾美特-KY,0.22,0,0.1,1, nan, nan
1701, 中化,0.64,0.8,0.6,0.6,0.6,0.6
1702, 南僑,2.582,2.7,2.7,2.81,2.6,2.1
1707, 葡萄王,6.096,6.5,6.68,6.4,5.6,5.3
1708, 東鹼,0.8,0.5,1,0.5,0.5,1.5
1709, 和益,1.058,0.5,1.5,1.51,1.18,0.6
1710, 東聯,1.04,1.75,1.75,0.2,0.5,1
1711, 永光,0.5,0.5,0.5,0.5,0.5,0.5
1712, 興農,0.948,1.3,1,0.94,0.6,0.9
1713, 國化,0.538,0.71,0.44,0.58,0.41,0.55
1714, 和桐,0.09,0.15,0.3,0,0, nan
1717, 長興,1.24,0.9,0.5,1.5,1.5,1.8
1718, 中纖,0.06,0.1,0.1, nan,0.1, nan
1720, 生達,1.42,1.5,1.6,1.5,1.5,1
1721, 三晃,0.18,0,0.2,0.7, nan, nan
1722, 台肥,2.14,2.2,2.1,2.1,2.1,2.2
1723, 中碳,5.44,5.3,4.6,4.5,4.5,8.3
1724, 台硝,0.66,0.5,0.6,1,1,0.2
1725, 元禎,0.776,0.84,0.83,0.8,0.78,0.63
1726, 永記,3.72,3.5,3.5,4,3.8,3.8
1727, 中華化,0.56,0.6,0.6,0.6,0.5,0.5
1730, 花仙子,2.33,3.5,2.27,2.18,2,1.7
1731, 美吾華,0.55,0.5,0.6,0.55,0.5,0.6
1732, 毛寶,0,0,0, nan, nan, nan
1733, 五鼎,1.72,0.85,1.5,1.5,2.25,2.5
1734, 杏輝,0.28,0.1,0.2,0.1,0.2,0.8
1735, 日勝化,0.55,0.15,0.5,0.5,1,0.6
1736, 喬山,0.92,0.65,0.3,1.15,1,1.5
1737, 臺鹽,1.384,1.8,1.5,1.5,1.12,1
1742, 台蠟,0,0,0, nan, nan, nan
1752, 南光,1.098,1.2,1.6,1,1.2,0.49
1760, 寶齡富錦,0.9,1.8,1.5,1.2, nan, nan
1762, 中化生,0.84,1.2,0.5,0.5,1.5,0.5
1773, 勝一,3.84,5,4.6,4,3,2.6
1776, 展宇,1.14,0.8,1.5,1.6,1.8, nan
1777, 生泰,3.01,3.3,1.75,3.5,3.5,3
1781, 合世,0,0,0, nan, nan, nan
1783, 和康生,0.166,0.68,0.15, nan, nan, nan
1784, 訊聯,0.278,0.28,0, nan,0.41,0.7
1785, 光洋科,0.24,0.4,0, nan, nan,0.8
1786, 科妍,0.46,1.6,0.2, nan,0.5, nan
1788, 杏昌,5.4,6,6,5,5,5
1789, 神隆,0.354,0.49,0.48,0.3,0.3,0.2
1795, 美時,0,0,0, nan, nan, nan
1796, 金穎生技,0.72,0.5,1,2.1, nan, nan
1799, 易威,0,0,0, nan, nan, nan
1802, 台玻,0.16,0.3,0.5, nan,0,0
1805, 寶徠,0.1,0,0, nan,0.5,0
1806, 冠軍,0,0,0, nan, nan, nan
1808, 潤隆,5.126,8,3.54,5.07,5.01,4.01
1809, 中釉,0.28,0.2,0.2,0.3,0.2,0.5
1810, 和成,0.2,0.2,0.3, nan,0.2,0.3
1813, 寶利徠,1.4,2,1,1,2,1
1815, 富喬,0.44,0.5,0.65,0.5,0.35,0.2
1817, 凱撒衛,2.12,2.3,2.3,2.2,2,1.8
1902, 台紙,0.136,0.35,0.33, nan, nan, nan
1903, 士紙,0,0,0, nan, nan, nan
1904, 正隆,0.65,1.1,0.7,0.5,0.6,0.35
1905, 華紙,0.38,0.35,0.5,0.35,0.6,0.1
1906, 寶隆,0.63,0.5,1,1.5,0.15, nan
1907, 永豐餘,0.38,0.6,0.6, nan,0.3,0.4
1909, 榮成,1.128,0.5,1.75,1.49,1,0.9
2002, 中鋼,0.846,1,0.88,0.85,0.5,1
2006, 東和鋼鐵,1.26,1.2,1.4,1.3,1.1,1.3
2007, 燁興,0,0,0, nan, nan, nan
2008, 高興昌,0,0,0, nan, nan, nan
2009, 第一銅,0.08,0,0, nan, nan,0.4
2010, 春源,0.552,0.56,0.5,0.7,0.5,0.5
2012, 春雨,0.76,1.3,0.75,0.75,0.5,0.5
2013, 中鋼構,0.454,0.47,0.24,0.26,0.5,0.8
2014, 中鴻,0.02,0.1,0, nan, nan, nan
2015, 豐興,3.1,4,3.5,3,2.5,2.5
2017, 官田鋼,0.24,0.4,0.45,0.35, nan, nan
2020, 美亞,0.884,1.4,1.42,0.8, nan,0.8
2022, 聚亨,0,0,0, nan, nan, nan
2023, 燁輝,0.18,0.1,0.2,0.4, nan,0.2
2024, 志聯,0.62,0.6,0.8,0.6,0.3,0.8
2025, 千興,0,0, nan, nan, nan, nan
2027, 大成鋼,1.082,3,0.8,0.5,0.5,0.61
2028, 威致,0,0,0, nan, nan, nan
2029, 盛餘,1.32,0.25,1.75,2.45,1,1.15
2030, 彰源,0.56,1,1,0.3, nan,0.5
2031, 新光鋼,1.316,1.5,1.98,1.8,0.3,1
2032, 新鋼,0.216,0.13,0.1,0.4,0.2,0.25
2033, 佳大,0.14,0.2,0.2,0.3, nan, nan
2034, 允強,1.68,1.8,1.8,1.8,1,2
2035, 唐榮,0,0,0, nan, nan, nan
2038, 海光,0,0,0,0, nan, nan
2049, 上銀,3.48,7,3.5,1.6,2.1,3.2
2059, 川湖,8.37,9.5,5,8.25,10.1,9
2061, 風青,0,0,0, nan, nan, nan
2062, 橋椿,1.056,0.3,0.3,1,1,2.68
2063, 世鎧,1.84,3,2.5,1.2,1,1.5
2064, 晉椿,1.34,1,1,1.5,1.2,2
2065, 世豐,1.356,2.7,1.58,2.5, nan, nan
2066, 世德,4.504,3,3.02,5,6,5.5
2067, 嘉鋼,0.144,0.4,0,0, nan,0.32
2069, 運錩,1.256,2.5,1.54,1.64,0.6, nan
2070, 精湛,1,2,2,1, nan, nan
2101, 南港,0.51,0.5,0.71,1.14,0.2, nan
2102, 泰豐,0.09,0,0,0.1,0.2,0.15
2103, 台橡,1.104,0.98,0.96,1,1.06,1.52
2104, 國際中橡,1.67,1.5,1.8,1.5,1.15,2.4
2105, 正新,2.38,1.1,1.8,3,3,3
2106, 建大,1.73,1,1.2,2,2.2,2.25
2107, 厚生,1.106,0.68,0.65,0.55,0.85,2.8
2108, 南帝,1.21,1.8,1,1,2,0.25
2109, 華豐,0.32,0,0,0.2,0.2,1.2
2114, 鑫永銓,5,5,5,5,5,5
2115, 六暉-KY,1.56,1,1.5,1,2.2,2.1
2201, 裕隆,0.67,0.67,0.58,0.5,0.9,0.7
2204, 中華,1.55,1.7,1.8,1.6,1.5,1.15
2206, 三陽工業,0.81,1,1.02,1.03,1, nan
2207, 和泰車,11.7,12,12,12,12,10.5
2208, 台船,0.2,0,0, nan,0.5,0.5
2221, 大甲,1.244,2.1,1.5,1.3,1.01,0.31
2227, 裕日車,20.634,17.67,21,22,12.5,30
2228, 劍麟,4.598,5,5.24,4.75,4.5,3.5
2230, 泰茂,0.35,0.15,0,0.2,0.6,0.8
2231, 為升,8.124,7.67,7.47,8.5,8.98,8
2233, 宇隆,4.102,4,3.76,5,3,4.75
2235, 謚源,3.9,3,3.5,4,5,4
2236, 百達-KY,0.91,0.1,0.76,1.96,0.4,1.33
2239, 英利-KY,3.38,4.5,3.9,4.5,4, nan
2243, 宏旭-KY,0.1,0,0.5, nan, nan, nan
2301, 光寶科,2.584,2.92,2.92,2.92,2.19,1.97
2302, 麗正,0.072,0,0, nan,0.02,0.34
2303, 聯電,0.58,0.59,0.71,0.5,0.55,0.55
2305, 全友,0,0,0, nan, nan, nan
2308, 台達電,5.34,5,5,5,5,6.7
2312, 金寶,0.242,0.3,0.31,0.3,0.3, nan
2313, 華通,0.84,0.8,1.2,0.6,1,0.6
2314, 台揚,0.104,0.2,0.2,0.12,0, nan
2316, 楠梓電,1.4,1,0, nan,4.5,1.5
2317, 鴻海,3.66,4,2,4.5,4,3.8
2321, 東訊,0,0,0, nan, nan, nan
2323, 中環,0,0,0, nan, nan, nan
2324, 仁寶,1.26,1.2,1.2,1.2,1.2,1.5
2327, 國巨,13.738,44.83,14.86,3,2,4
2328, 廣宇,0.648,1.1,0.8,0.7,0.35,0.29
2329, 華泰,0,0,0, nan, nan, nan
2330, 台積電,5.6,2.5,8,7,6,4.5
2331, 精英,1.6,0,1, nan,2,5
2332, 友訊,0.16,0.2,0,0.3,0.3,0
2337, 旺宏,0.44,1.2,1, nan, nan, nan
2338, 光罩,0.326,0.83,0, nan,0.3,0.5
2340, 光磊,0.958,0.5,1.35,1.19,1,0.75
2342, 茂矽,0.054,0.27,0, nan, nan, nan
2344, 華邦電,0.54,1,1,0.6,0.1, nan
2345, 智邦,2.854,4,4.13,3.1,1.96,1.08
2347, 聯強,2,2,2.2,1,1.5,3.3
2348, 海悅,1.58,3.8,3.6, nan, nan,0.5
2349, 錸德,0,0,0, nan, nan, nan
2351, 順德,2.4,2.8,2.5,2.5,2,2.2
2352, 佳世達,0.934,0.85,1.35,1.32,0.55,0.6
2353, 宏碁,0.494,0.77,0.7,0.5,0.5,0
2354, 鴻準,3.22,3.2,3.6,3.8,3,2.5
2355, 敬鵬,2.15,0.5,2.25,3.2,2.6,2.2
2356, 英業達,1.55,1.5,1.65,1.45,1.4,1.75
2357, 華碩,15.8,15,15,17,15,17
2358, 廷鑫,0,0,0,0, nan, nan
2359, 所羅門,1.02,1.1,1,1,1,1
2360, 致茂,3.378,4.18,4.48,3.22,2.4,2.61
2362, 藍天,1.23,1,0.84,0.71,1.1,2.5
2363, 矽統,0,0,0, nan, nan, nan
2364, 倫飛,0,0,0, nan, nan, nan
2365, 昆盈,0.21,0.2,0.3, nan,0.16,0.39
2367, 燿華,0.42,0.4,0.3, nan,0.7,0.7
2368, 金像電,0,0,0, nan, nan, nan
2369, 菱生,0.398,0.2,0.5,0.5,0.26,0.53
2371, 大同,0,0,0, nan, nan, nan
2373, 震旦行,4.29,6,6,3.25,3.2,3
2374, 佳能,0.74,0.5,0.8,0.9,1.5, nan
2375, 凱美,1.428,3,3, nan,0,1.14
2376, 技嘉,2.96,3,4,2.6,2.5,2.7
2377, 微星,4.1,5,4.5,4.5,3.5,3
2379, 瑞昱,5.5,7,5.5,5,4,6
2380, 虹光,0,0,0, nan, nan, nan
2382, 廣達,3.65,3.55,3.4,3.5,3.8,4
2383, 台光電,4.018,3.8,4.8,4.7,4.29,2.5
2385, 群光,4.29,3.8,4.45,4.25,4.3,4.65
2387, 精元,0.504,1.01,0.4,0.48,0.48,0.15
2388, 威盛,0,0,0, nan, nan, nan
2390, 云辰,0.052,0,0,0.06,0.2, nan
2392, 正崴,1.8,1.5,2,1.5,2,2
2393, 億光,2.896,1.5,2.99,3,3,3.99
2395, 研華,6.34,6.8,6.6,6.3,6,6
2397, 友通,3.882,5.28,4.2,4.5,2.85,2.58
2399, 映泰,0.16,0,0.8, nan, nan, nan
2401, 凌陽,0.61,0.36,0.7,0.5,0.89,0.6
2402, 毅嘉,0.51,0.5,0, nan, nan,2.05
2404, 漢唐,5.7,10,6,6,4,2.5
2405, 浩鑫,0.024,0,0,0.12, nan, nan
2406, 國碩,0,0,0, nan, nan, nan
2408, 南亞科,3.384,7.11,3.51,1.5,2.8,2
2409, 友達,0.682,0.5,1.5,0.56,0.35,0.5
2412, 中華電,4.914,4.48,4.8,4.94,5.49,4.86
2413, 環科,0.1,0,0, nan,0.5, nan
2414, 精技,1.32,1.45,1.4,1.3,1.25,1.2
2415, 錩新,1.04,1.5,1,0.9,0.8,1
2417, 圓剛,0.1,0.1,0.1,0.1,0.1,0.1
2419, 仲琦,1.014,0.81,1.23,1.77,0.75,0.51
2420, 新巨,2.9,2.8,2.7,3,2.5,3.5
2421, 建準,1.8,2,2.3,2,1.5,1.2
2423, 固緯,1.14,1.8,1.5,1.2,0.7,0.5
2424, 隴華,0,0,0, nan, nan, nan
2425, 承啟,0.462,1.5,0,0.15,0.3,0.36
2426, 鼎元,0.942,1.2,0.7,0.89,1.02,0.9
2427, 三商電,0.24,0.4,0.25,0.2,0.1,0.25
2428, 興勤,3.14,3.8,4,3.3,2.5,2.1
2429, 銘旺科,0,0,0, nan, nan, nan
2430, 燦坤,1.172,0.9,1.36,2,1.2,0.4
2431, 聯昌,0.244,0,0,0.77,0.27,0.18
2433, 互盛電,3.24,3.5,3.5,2.7,3.3,3.2
2434, 統懋,0,0,0, nan, nan, nan
2436, 偉詮電,0.7,1,0.6,0.5,0.5,0.9
2438, 翔耀,0,0,0, nan,0, nan
2439, 美律,8.24,8.5,15.82,8.88,3.2,4.8
2440, 太空梭,0,0,0, nan, nan, nan
2441, 超豐,2.73,2.7,3,2.75,2.4,2.8
2442, 新美齊,0.118,0.5,0,0.01,0.05,0.03
2443, 億麗,0,0,0, nan, nan, nan
2444, 兆勁,0.236,0,0.1,0.43,0.15,0.5
2448, 晶電,0.386,0.3,0.8, nan, nan,0.83
2449, 京元電子,1.59,1.35,1.8,1.8,1.2,1.8
2450, 神腦,2.632,1.45,3.17,3.98,3,1.56
2451, 創見,6.32,5,6,6,6.8,7.8
2453, 凌群,0.56,0.5,0.7,0.5,0.5,0.6
2454, 聯發科,12.3,9,10,9.5,11,22
2455, 全新,2.336,2.5,2.5,2.53,2.15,2
2456, 奇力新,3.928,7.99,1.95,4,3.2,2.5
2457, 飛宏,0.096,0,0, nan, nan,0.48
2458, 義隆,2.968,5,2.58,1.57,2.03,3.66
2459, 敦吉,2.726,3,3,2.6,2.5,2.53
2460, 建通,0.04,0,0, nan, nan,0.2
2461, 光群雷,0.54,0.41,0.56,0.81,0.5,0.42
2462, 良得電,0.48,0.5,0,0.6,0.2,1.1
2464, 盟立,2,3.3,1.5,1.8,2.3,1.1
2465, 麗臺,0,0,0, nan,0, nan
2466, 冠西電,0,0,0, nan, nan,0
2467, 志聖,1.16,2.5,1.5,0.5, nan,1.3
2468, 華經,0.48,0.5,0.4,0.5,0.5,0.5
2471, 資通,1.148,1.2,1,1.34,1,1.2
2472, 立隆電,2.24,2.3,2.2,2.4,2.5,1.8
2474, 可成,10,12,12,10,10,6
2476, 鉅祥,1.518,1.26,1.6,1.7,1.53,1.5
2477, 美隆電,0.852,0.86,1.3, nan,1.1,1
2478, 大毅,0.88,2.5,0.8,0.5,0.2,0.4
2480, 敦陽科,2.428,3.42,2.62,2.1,2,2
2481, 強茂,0.52,0.5,0,1,0.9,0.2
2482, 連宇,0.094,0,0,0.32,0.15, nan
2483, 百容,1.298,1.29,1.3,1.3,1.3,1.3
2484, 希華,1.17,1.45,1,1.2,1.2,1
2485, 兆赫,1.16,0.5,0.4,1.4,2,1.5
2486, 一詮,0.15,0,0, nan, nan,0.75
2488, 漢平,2.34,2.5,1.9,3.5,2.2,1.6
2489, 瑞軒,1.02,0,0,1.7,1.8,1.6
2491, 吉祥全,0,0,0, nan, nan, nan
2492, 華新科,4.522,16.33,4.02,1.21,0.75,0.3
2493, 揚博,2.33,2.5,1.75,2.3,2.3,2.8
2495, 普安,0.64,0.4,0.4,0.9,0.9,0.6
2496, 卓越,2.6,4,6.5,2.5, nan, nan
2497, 怡利電,1,0,0,0.5,1.5,3
2498, 宏達電,0.152,0.38,0, nan, nan,0.38
2499, 東貝,0.262,0,0, nan,0.3,1.01
2501, 國建,1.16,2.1,1.2,1.5, nan,1
2504, 國產,0.25,0.25,0.5, nan,0.1,0.4
2505, 國揚,0.25,0.5,0.25, nan,0.4,0.1
2506, 太設,0.202,0.16,0.15,0.1,0.2,0.4
2509, 全坤建,1,0.6,0.4,1.2,1.6,1.2
2511, 太子,0.84,0.65,0.65,1,1.1,0.8
2514, 龍邦,0.272,0.25,0.25,0.35,0.21,0.3
2515, 中工,0.19,0.2,0.19,0.19,0.2,0.17
2516, 新建,0.17,0,0,0.25,0.3,0.3
2520, 冠德,1.12,1,0.5,1.1,1,2
2524, 京城,0.56,0,2, nan, nan,0.8
2527, 宏璟,1.08,1.2,0.8,0.8,1.1,1.5
2528, 皇普,0.04,0,0, nan, nan,0.2
2530, 華建,0.54,0.3,0,0.8,1.6, nan
2534, 宏盛,0.78,0,2,1,0.5,0.4
2535, 達欣工,1.46,1.62,1.6,1.58,1,1.5
2536, 宏普,1.84,1,1.5,2.1,2.6,2
2537, 聯上發,0.28,0,0,0.4,0.8,0.2
2538, 基泰,0.988,0.6,0.8,1,1.3,1.24
2539, 櫻花建,1.08,0.2,1.5,1.6,1.1,1
2540, 愛山林,0,0,0, nan, nan, nan
2542, 興富發,4.6,4.5,3.5,5,6,4
2543, 皇昌,0.122,0,0,0.3,0.31, nan
2545, 皇翔,2.6,1.8,1.5,4.5,1.2,4
2546, 根基,1.832,3,2.16,1.5,1,1.5
2547, 日勝生,0.36,0.8,0, nan, nan,1
2548, 華固,5.26,5,5.2,5.6,5.5,5
2596, 綠意,1.74,2,2,2.2,1,1.5
2597, 潤弘,4.65,4.8,2.35,4,4.6,7.5
2601, 益航,0.07,0.1,0,0, nan,0.25
2603, 長榮,0.06,0,0.2,0, nan,0.1
2605, 新興,0.7,0.2,0.6,0.7,1,1
2606, 裕民,1.39,1.8,1.2,0.75,1,2.2
2607, 榮運,0.35,0.35,0.35,0.35,0.35,0.35
2608, 嘉里大榮,1.576,1.56,1.6,1.5,1.72,1.5
2609, 陽明,0,0,0,0, nan, nan
2610, 華航,0.178,0.21,0.22, nan,0.46, nan
2611, 志信,0.172,0.41,0.1, nan,0.15,0.2
2612, 中航,0.82,1.6,0.5,0.5,0.2,1.3
2613, 中櫃,0.18,0.28,0.33,0.07,0.04,0.18
2614, 東森,0.2,1,0, nan, nan, nan
2615, 萬海,0.942,0.61,0.5,0.4,1.2,2
2616, 山隆,1.834,1.6,2.51,2.06,1.5,1.5
2617, 台航,0.574,1.3,0.7, nan,0.22,0.65
2618, 長榮航,0.24,0.5,0.2,0.2,0.3, nan
2630, 亞航,0.76,1,1.25,1.55, nan, nan
2633, 台灣高鐵,0.624,1.12,0.75,0.6,0.65, nan
2634, 漢翔,1.15,1.34,1.13,1,1.36,0.92
2636, 台驊投控,1.48,2.2,1.3,0.8,1.8,1.3
2637, 慧洋-KY,1.782,1.49,1,1,2.5,2.92
2640, 大車隊,3.096,3.3,3.5,0.5,3.28,4.9
2641, 正德,0.06,0,0,0,0.1,0.2
2642, 宅配通,0.76,0.6,1.05,0.45,0.6,1.1
2643, 捷迅,1.658,2,2,2.29,2, nan
2701, 萬企,0.252,0.4,0.25,0.25,0.2,0.16
2702, 華園,0.124,0.2,0,0.15,0.12,0.15
2704, 國賓,0.58,0.4,0.4,0.7,0.7,0.7
2705, 六福,0.044,0,0, nan,0.05,0.17
2706, 第一店,0.258,0.45,0.28,0.2,0.18,0.18
2707, 晶華,8.896,11.02,6.91,8.17,8.87,9.51
2712, 遠雄來,0.492,0,0.11,0.5,0.85,1
2718, 晶悅,0.38,0,0.2,0.5,0.7,0.5
2719, 燦星旅,0.144,0,0, nan, nan,0.72
2722, 夏都,0.42,0.2,0.4,0.5,0.5,0.5
2723, 美食-KY,3.94,5,6,5,2.5,1.2
2724, 富驛-KY,0,0, nan, nan, nan, nan
2726, 雅茗-KY,2.684,2.98,3.99,2.95,1.5,2
2727, 王品,4.496,4.39,5.5,3.5,1,8.09
2729, 瓦城,11.68,13.6,12.6,11.6,10.6,10
2731, 雄獅,4.36,3.8,5.2,4,4.6,4.2
2732, 六角,4.012,4.38,3.94,3.74,4,4
2734, 易飛網,0.18,0,0, nan,0.5,0.4
2736, 高野,0.6,0.1,0.1,0.3,2.5, nan
2739, 寒舍,1.348,1,1,2.2,2.54, nan
2740, 天蔥,0.294,0,0, nan,1.47, nan
2745, 五福,0.472,0.3,1.76,0.3, nan, nan
2748, 雲品,2.1,2.75,2.75,2.5,2.5, nan
2752, 豆府,0,0, nan, nan, nan, nan
2801, 彰銀,0.412,0.64,0.45,0.42,0.35,0.2
2809, 京城銀,1.3,1.5,1.5,1.5,0.5,1.5
2812, 台中銀,0.406,0.28,0.45,0.55,0.5,0.25
2816, 旺旺保,0.572,0.9,0.7, nan,0.1,1.16
2820, 華票,0.778,0.79,0.71,0.84,0.83,0.72
2823, 中壽,0.52,0,0.8,0.8,0.6,0.4
2832, 台產,1,0.9,1.1,0.9,1.2,0.9
2834, 臺企銀,0.154,0.3,0.27,0.1,0.1,0
2836, 高雄銀,0.18,0.11,0.13,0.6,0.03,0.03
2838, 聯邦銀,0.302,0,0.4,0.45,0.4,0.26
2841, 台開,0.08,0,0, nan,0.2,0.2
2845, 遠東銀,0.422,0.45,0.44,0.42,0.4,0.4
2849, 安泰銀,0.68,1,0.6,0.6,0.6,0.6
2850, 新產,1.724,2.65,1.82,1.51,1.57,1.07
2851, 中再保,0.86,0.9,1,0.5,0.7,1.2
2852, 第一保,0.424,0.49,0.6,0.65, nan,0.38
2855, 統一證,0.582,0.7,1.2,0,0.2,0.81
2867, 三商壽,0.06,0,0,0,0,0.3
2880, 華南金,0.6,0.55,0.5,0.7,0.63,0.62
2881, 富邦金,2.26,2,2.3,2,2,3
2882, 國泰金,2,1.5,2.5,2,2,2
2883, 開發金,0.5,0.3,0.6,0.5,0.5,0.6
2884, 玉山金,0.534,0.71,0.61,0.49,0.43,0.43
2885, 元大金,0.578,0.9,0.56,0.45,0.36,0.62
2886, 兆豐金,1.504,1.7,1.5,1.42,1.5,1.4
2887, 台新金,0.432,0.51,0.54,0.53,0.48,0.1
2888, 新光金,0.168,0.2,0.34,0.2, nan,0.1
2889, 國票金,0.44,0.45,0.65,0.55,0.26,0.29
2890, 永豐金,0.482,0.64,0.5,0.34,0.43,0.5
2891, 中信金,0.94,1,1.08,1,0.81,0.81
2892, 第一金,0.95,1,0.9,1.2,0.95,0.7
2897, 王道銀行,0.15,0,0.3,0.45, nan, nan
2901, 欣欣,0.422,0.39,0.41,0.38,0.49,0.44
2903, 遠百,0.91,0.85,1,0.7,1,1
2904, 匯僑,1.612,1.51,1.2,1.35,2,2
2905, 三商,0.64,0.5,0.8,0.7,0.6,0.6
2906, 高林,0.52,0.4,0.4,0.4,0.5,0.9
2908, 特力,1.132,1.3,1.2,1.08,0.95,1.13
2910, 統領,0.24,0,0,0.5, nan,0.7
2911, 麗嬰房,0.104,0,0.52, nan, nan, nan
2912, 統一超,11.2,8.8,25,8,7.2,7
2913, 農林,0.48,0.3,0.49,0.5,0.5,0.61
2915, 潤泰全,3.578,5.5,4,0.79,1.6,6
2916, 滿心,1.14,1.4,1.2,0.7,1.3,1.1
2923, 鼎固-KY,0.404,0.72,0.36,0.36,0.36,0.22
2924, 東凌-KY,0.64,0,0,0.5,0.5,2.2
2926, 誠品生活,7.308,6.8,7.56,7.68,7.58,6.92
2928, 紅馬-KY,0.988,0,0.79,3.2,0.95, nan
2929, 淘帝-KY,4.632,3.15,4.83,3.23,5.45,6.5
2936, 客思達-KY,0.86,0,0.3,4, nan, nan
2937, 集雅社,0.352,0.7,0.6,0.46, nan, nan
2939, 凱羿-KY,4.8,9,15, nan, nan, nan
3002, 歐格,0.38,0,0.25,0.5,0.35,0.8
3003, 健和興,1.418,1.8,1.8,1.5,1,0.99
3004, 豐達科,1.56,2.5,2,1.5,1.8,0
3005, 神基,2.36,3,2.5,3,2,1.3
3006, 晶豪科,1.85,1.5,2.24,1.43,1.43,2.65
3008, 大立光,63.7,68,72.5,63.5,63.5,51
3010, 華立,3.02,3.2,3.3,2.6,2.7,3.3
3011, 今皓,0,0,0, nan, nan, nan
3013, 晟銘電,0.322,0.3,0.5,0.5,0.31, nan
3014, 聯陽,2.426,2.7,2.5,2.93,2,2
3015, 全漢,1.17,1.25,1.5,1.5,1.5,0.1
3016, 嘉晶,0.32,1,0.5,0, nan,0.1
3017, 奇鋐,1.1,1,1.3,1.2,1,1
3018, 同開,0.102,0,0,0, nan,0.51
3019, 亞光,0.98,2.3,1.6,1, nan, nan
3021, 鴻名,0.58,0.75,0.75,0.7, nan,0.7
3022, 威強電,1.6,0,0.5,3,2,2.5
3023, 信邦,3.606,4.48,4,3.7,3.1,2.75
3024, 憶聲,0.064,0.32,0, nan, nan, nan
3025, 星通,0.11,0,0.13,0.27, nan,0.15
3026, 禾伸堂,4.518,9,5.3,2.5,2.5,3.29
3027, 盛達,0.092,0,0,0.01,0.15,0.3
3028, 增你強,1.684,1.7,1.82,1.5,1.7,1.7
3029, 零壹,1.082,1.5,1.3,1.2,1,0.41
3030, 德律,3.6,3.7,3,3,4,4.3
3031, 佰鴻,0.548,0.52,0.85,0.8,0.07,0.5
3032, 偉訓,2.09,2.25,2,2.2,2,2
3033, 威健,1.366,1.02,1.31,1.06,1.5,1.94
3034, 聯詠,8.38,8.8,7.1,7,9,10
3035, 智原,1.604,0.8,2.7,1,2,1.52
3036, 文曄,2.63,2.35,2.5,2.4,2.9,3
3037, 欣興,0.48,0.8,0.5,0.3,0.3,0.5
3038, 全台,0.328,0.5,0.41,0.41,0.32, nan
3040, 遠見,4.3,2,9,5,2.5,3
3041, 揚智,0.158,0,0, nan, nan,0.79
3042, 晶技,2.46,2,2.5,2.8,2.5,2.5
3043, 科風,0,0,0, nan, nan, nan
3044, 健鼎,4.28,5.9,5.25,4.25,3.25,2.75
3045, 台灣大,5.59,5.55,5.6,5.6,5.6,5.6
3046, 建碁,0.06,0.3,0, nan, nan, nan
3047, 訊舟,0.32,0,0,0.5,0.5,0.6
3048, 益登,0.838,0.7,1,0.5,1,0.99
3049, 和鑫,0,0,0, nan, nan, nan
3050, 鈺德,0.4,0.3,0.6,0.3,0.8, nan
3051, 力特,0,0,0, nan, nan, nan
3052, 夆典,0.38,0,0.7,0.3,0.5,0.4
3054, 立萬利,0.126,0,0.4,0.11, nan,0.12
3055, 蔚華科,0.964,1,0.8,0.82,1,1.2
3056, 總太,1.7,1.5,2,2.5,2,0.5
3057, 喬鼎,0.458,0,0, nan,0.3,1.99
3058, 立德,0.34,0.2,0,0.5,0.5,0.5
3059, 華晶科,0.758,0.5,0.49,0.8,1,1
3060, 銘異,1.62,0,0.6,1.5,3.8,2.2
3062, 建漢,0.65,0.4,0.35,0.8,1,0.7
3064, 泰偉,0,0,0, nan, nan, nan
3066, 李洲,0,0,0, nan, nan, nan
3067, 全域,0,0,0, nan, nan, nan
3071, 協禧,0.42,1.2,0.9, nan, nan, nan
3073, 凱柏實業,0,0,0, nan, nan, nan
3078, 僑威,1.81,1.45,1.75,2.35,1.9,1.6
3081, 聯亞,6.8,5,5,8,9,7
3083, 網龍,0,0,0, nan, nan, nan
3085, 新零售,0,0,0, nan, nan, nan
3086, 華義,0,0,0, nan, nan, nan
3088, 艾訊,4.244,3.75,5.53,3.65,4.3,3.99
3089, 元炬,0,0,0, nan, nan, nan
3090, 日電貿,2.9,6.5,2.5,2,2,1.5
3092, 鴻碩,2.32,4.5,4,2,0.6,0.5
3093, 港建,1.554,1.3,0.55,1.82,2.4,1.7
3094, 聯傑,1.022,0.8,0.9,1.1,1.16,1.15
3095, 及成,0,0,0, nan, nan, nan
3105, 穩懋,3.44,5,7,4.5,0.5,0.2
3114, 好德,0.84,1.5,0.6,0.5,0.8,0.8
3115, 寶島極,0,0,0, nan, nan, nan
3118, 進階,1.8,1,1.9,1.9,2.2,2
3122, 笙泉,0.502,0,0.2,0.51,0.8,1
3128, 昇銳,0.24,0.5,0.4,0.3, nan, nan
3130, 一零四,8.784,8.51,9.6,10.81,8,7
3131, 弘塑,9.5,8,10,10,12,7.5
3141, 晶宏,0.802,1.51,1,0.57,0.31,0.62
3144, 新揚科,1.02,1,1.1,0.7,0.8,1.5
3147, 大綜,0.788,1.7,1.24,1, nan, nan
3149, 正達,0,0,0, nan, nan, nan
3152, 璟德,9.578,9.88,10.9,10.5,9.95,6.66
3162, 精確,0,0,0, nan, nan, nan
3163, 波若威,0.776,0.6,0,2.2, nan,1.08
3164, 景岳,0.3,1.5,0, nan, nan, nan
3167, 大量,2.1,3.5,2.5,1.5,1.5,1.5
3169, 亞信,1.56,2,1.8,1,1.5,1.5
3171, 新洲,0.22,0.5,0.35,0.25, nan, nan
3176, 基亞,0,0,0, nan, nan, nan
3178, 公準,0.87,1,1,2.35, nan, nan
3188, 鑫龍騰,0.1,0.5,0, nan, nan, nan
3189, 景碩,2.7,1.5,1.5,3,3.5,4
3191, 和進,0,0,0, nan, nan, nan
3202, 樺晟,0.08,0,0,0.2, nan,0.2
3205, 佰研,1.706,0,1.61,4,2.92, nan
3206, 志豐,1.06,1.6,1,1,1.2,0.5
3207, 耀勝,0,0,0, nan, nan, nan
3209, 全科,1.08,1,0.8,1.1,1.2,1.3
3211, 順達,3.5,3.5,2.5,3,3.5,5
3213, 茂訊,3.28,2.8,4,3.4,3.1,3.1
3217, 優群,1.97,3,2.55,2,1,1.3
3218, 大學光,1.02,1.25,1.2,0.5,1.1,1.05
3219, 倚強股份,0,0,0, nan, nan, nan
3221, 台嘉碩,0.84,0.42,0.48,1,1,1.3
3224, 三顧,0,0,0,0,0, nan
3226, 至寶電,1.8,3,2,2,2, nan
3227, 原相,3.128,5.27,4.47,0.5,2.4,3
3228, 金麗科,0,0,0,0, nan, nan
3229, 晟鈦,0,0,0, nan, nan, nan
3230, 錦明,0,0,0, nan, nan, nan
3231, 緯創,1.254,1.49,1.17,1.18,1.2,1.23
3232, 昱捷,0.44,0.2,0.1, nan,0.4,1.5
3234, 光環,1.712,0,0,1,5,2.56
3236, 千如,0.44,0.35,0.5,1.1,0.1,0.15
3252, 海灣,0.1,0.5,0, nan, nan, nan
3257, 虹冠電,1.71,4,0.5,0.65,0.65,2.75
3259, 鑫創,0,0,0, nan, nan, nan
3260, 威剛,2.644,0.2,6,4,0.5,2.52
3264, 欣銓,1.48,1.6,1.65,1.25,1.3,1.6
3265, 台星科,1.172,1.2,1.3,0.85,0.25,2.26
3266, 昇陽,0.3,0.5,0, nan, nan,1
3268, 海德威,0.02,0,0, nan, nan,0.1
3272, 東碩,1.998,1,1.35,1.49,1.77,4.38
3276, 宇環,0.22,0,0.2,0.5,0.1,0.3
3284, 太普高,0.548,0.3,1.04,0.7,0.7, nan
3285, 微端,0.892,1.2,0.46,1,1,0.8
3287, 廣寰科,0,0,0, nan, nan, nan
3288, 點晶,0,0,0, nan, nan, nan
3289, 宜特,1.972,0,1,1.98,4.88,2
3290, 東浦,0.62,1,0.3,0.3,1,0.5
3293, 鈊象,7.86,11,11,10,4.5,2.8
3294, 英濟,0.262,0.23,0.46,0.32,0.3, nan
3296, 勝德,0.52,1,0,1.2,0.1,0.3
3297, 杭特,0.68,0,0.5,0.3,0.8,1.8
3303, 岱稜,1.078,1.6,0.49,1.5,1.2,0.6
3305, 昇貿,1.484,1.03,1.03,2.36,1,2
3306, 鼎天,0.78,0.5,0.5,0.5,1,1.4
3308, 聯德,0,0,0, nan, nan, nan
3310, 佳穎,1.56,5,1.5,0.5,0.5,0.3
3311, 閎暉,0.372,0,0, nan,0.59,1.27
3312, 弘憶股,0.12,0.6,0, nan,0,0
3313, 斐成,0,0,0, nan, nan, nan
3317, 尼克森,0.24,0.7,0.5, nan, nan, nan
3321, 同泰,0.34,0,0, nan,1.7, nan
3322, 建舜電,0.124,0.25,0, nan, nan,0.37
3323, 加百裕,1.412,2.06,2,1,1,1
3324, 雙鴻,1.644,1.52,2.03,3.55,0.92,0.2
3325, 旭品,0.128,0,0,0.5,0.14, nan
3332, 幸康,2.41,2.2,3,2,2.2,2.65
3338, 泰碩,1.44,1.2,0.3,2.2,1.5,2
3339, 泰谷,0,0,0, nan, nan, nan
3346, 麗清,1.4,1.5,2.5,3, nan, nan
3354, 律勝,0.37,0.5,0.4,0.11,0.23,0.61
3356, 奇偶,2.078,0,0,0.99,4,5.4
3360, 尚立,0.846,0.4,0.4,1.17,1.26,1
3362, 先進光,0.368,0.5,0.03,0.3, nan,1.01
3363, 上詮,0.7,1.5,1,0.5, nan,0.5
3372, 典範,0,0,0, nan, nan, nan
3373, 熱映,0.612,0.5,0.3,0.16,1.4,0.7
3374, 精材,0.312,0,0, nan,0.5,1.06
3376, 新日興,3.498,3.99,2.5,3,4,4
3379, 彬台,0.12,0,0, nan, nan,0.6
3380, 明泰,0.948,1,1,1.04,0.5,1.2
3383, 新世紀,0,0,0, nan, nan, nan
3388, 崇越電,4.54,5.1,4.6,4,4,5
3390, 旭軟,1.18,1.1,1,1,0.8,2
3402, 漢科,1.756,3,2.45,2,0.85,0.48
3406, 玉晶光,1.4,3.5,3.5, nan, nan, nan
3413, 京鼎,4.4,7,6,4,4,1
3416, 融程電,3.12,2.6,2.5,3,3.5,4
3419, 譁裕,0.084,0,0,0.42, nan, nan
3426, 台興,1.2,2.5,1,2.5, nan, nan
3432, 台端,0.66,0.5,2,0.1,0.2,0.5
3434, 哲固,0.24,0.3,0,0.55,0.35, nan
3437, 榮創,0.8,0,0.6,0.35,1.5,1.55
3438, 類比科,0.456,0,0, nan,0.3,1.98
3441, 聯一光,0.96,1.5,1.5,1.2, nan,0.6
3443, 創意,3.9,5,5,3.5,3,3
3444, 利機,1,1,1,1,1,1
3450, 聯鈞,4.7,3,3,6.5,6.5,4.5
3454, 晶睿,3.95,2.5,4,4.75,4.5,4
3455, 由田,2.11,3,2.05,2.5,2.5,0.5
3465, 進泰電子,0,0,0, nan, nan, nan
3466, 致振,0.5,0,0,0.5,0.5,1.5
3479, 安勤,3.04,2.6,2.6,3.6,3.6,2.8
3481, 群創,0.372,0.06,0.8,0.1,0.2,0.7
3483, 力致,0.532,0.1,0.41,1.9,0.1,0.15
3484, 崧騰,1.998,1.3,1.9,2.1,2.1,2.59
3489, 森寶,0.132,0.3,0,0.36, nan, nan
3490, 單井,1.03,0.49,0.5,0.25,0.2,3.71
3491, 昇達科,3.926,3.4,3.85,4,4.3,4.08
3492, 長盛,1.218,1,1.2,1.7,1.3,0.89
3494, 誠研,0.058,0,0, nan, nan,0.29
3498, 陽程,1.096,0,0.5,0.5,2.28,2.2
3499, 環天科,0.13,0.35,0.3, nan, nan, nan
3501, 維熹,3.46,3.5,3.2,4,4,2.6
3504, 揚明光,0.508,0.5,0, nan,0.56,1.48
3508, 位速,0,0,0, nan, nan, nan
3511, 矽瑪,0.16,0,0,0,0.8, nan
3512, 皇龍,0,0,0, nan, nan, nan
3515, 華擎,3.3,4,4,2,2.5,4
3516, 亞帝歐,0,0,0, nan, nan, nan
3518, 柏騰,0.702,0,0,0.51,1,2
3520, 振維,0,0,0, nan, nan, nan
3521, 鴻翊,0,0,0, nan, nan, nan
3522, 御頂,0.1,0,0, nan, nan,0.5
3523, 迎輝,0,0,0, nan, nan, nan
3526, 凡甲,3.042,5.2,2.53,4.8,1.5,1.18
3527, 聚積,3.854,5,2.27,4,3.5,4.5
3528, 安馳,2.34,2.5,2.3,2.4,2.3,2.2
3529, 力旺,6.652,8,7.5,5.76,6,6
3530, 晶相光,1.096,2,2,1.48, nan, nan
3531, 先益,1.21,1.2,2,1.1,0.25,1.5
3532, 台勝科,2.77,9,2.08,0.67,1.1,1
3533, 嘉澤,5.64,8.7,5.5,4,4.5,5.5
3535, 晶彩科,0,0,0, nan, nan, nan
3536, 誠創,0,0,0,0, nan,0
3537, 堡達,1.56,2.4,1.8,1.2,1.2,1.2
3540, 曜越,0.97,1.5,1.3,1,0.35,0.7
3541, 西柏,4.4,4,5,4.5,4,4.5
3545, 敦泰,0.546,0.52,0.51,0.66,0.73,0.31
3546, 宇峻,2.296,4.3,3.1,3.58, nan,0.5
3548, 兆利,2.712,4.5,3.02,3.53,1.31,1.2
3550, 聯穎,1.2,1,1.5,1.5,1,1
3551, 世禾,1.66,1.6,1.2,1,2,2.5
3552, 同致,3.62,0,2,7.47,5.23,3.4
3555, 重鵬,0.26,0,1.2,0.1, nan, nan
3556, 禾瑞亞,3.7,3.3,4.1,3.1,3.7,4.3
3557, 嘉威,0,0,0, nan, nan, nan
3558, 神準,8.598,6.5,6,8,13,9.49
3562, 頂晶科,0,0,0,0, nan, nan
3563, 牧德,9.686,27,10,4.2,3.6,3.63
3564, 其陽,1.358,0,0,2,2.99,1.8
3567, 逸昌,1.62,2,2.3,2,1.1,0.7
3570, 大塚,2.956,3,1.28,3,3.5,4
3576, 聯合再生,0.04,0,0, nan, nan,0.2
3577, 泓格,1.4,0.7,1.5,2,1.3,1.5
3580, 友威科,1.02,2.1,3, nan, nan, nan
3581, 博磊,0.944,0.7,1,0.92,1,1.1
3583, 辛耘,1.808,2.5,2,2.02,1,1.52
3587, 閎康,3.192,3,2.5,3.5,2.96,4
3588, 通嘉,1.252,0.75,0.5,1.5,1.5,2.01
3591, 艾笛森,0.186,0.3,0, nan,0.32,0.31
3593, 力銘,0,0,0, nan, nan, nan
3594, 磐儀,0.318,0.1,0.2,0,0.2,1.09
3596, 智易,2.64,3.5,2,3.9,1.6,2.2
3605, 宏致,0.66,0.7,0.4,0.6,0.4,1.2
3607, 谷崧,2.23,0.5,0.8,1.5,4.2,4.15
3609, 東林,0.14,0.5,0.2, nan, nan, nan
3611, 鼎翰,9.8,10,10,10,10,9
3615, 安可,0.26,0.3,0.6,0.1,0.3, nan
3617, 碩天,4.756,5.3,5,4.75,4.5,4.23
3622, 洋華,0.16,0.5,0.3, nan, nan, nan
3623, 富晶通,3.622,2.5,3.19,4,5.42,3
3624, 光頡,1.14,1.2,0.5,0.5,2.5,1
3625, 西勝,0.4,1,1, nan, nan, nan
3628, 盈正,2.65,1.5,2.5,2,3.25,4
3629, 地心引力,0,0,0, nan, nan, nan
3630, 新鉅科,0,0,0, nan, nan, nan
3631, 晟楠,0,0,0, nan, nan, nan
3632, 研勤,0,0,0,0, nan, nan
3642, 駿熠電,0.074,0,0, nan, nan,0.37
3645, 達邁,1.24,1.5,1.5,1.2,0.5,1.5
3646, 艾恩特,0.998,1,1,0.99,1,1
3652, 精聯,0.702,0.7,0.7,0.61,0.7,0.8
3653, 健策,2.766,3.53,2,2,2.5,3.8
3661, 世芯-KY,0.746,1.53,1.07, nan,0.47,0.66
3663, 鑫科,0.4,0.4,0.5,0.6, nan,0.5
3664, 安瑞-KY,0,0,0, nan, nan, nan
3665, 貿聯-KY,6.222,7.5,6.83,6.31,5.5,4.97
3666, 光耀,1.26,0,1.3,1,1,3
3669, 圓展,0.458,0.4,0.4,0.88,0.2,0.41
3672, 康聯訊,1.306,0.3,0.6,1.83,1.8,2
3673, TPK-KY,0.694,0,3, nan, nan,0.47
3675, 德微,1.618,2,2,3.46,0.63, nan
3679, 新至陞,4.922,3,6.11,8,4,3.5
3680, 家登,0.376,0.25,0.25,0.37,0.51,0.5
3682, 亞太電,0,0,0, nan, nan, nan
3684, 榮昌,2.388,1.54,2.7,2.5,2.5,2.7
3685, 元創精密,0.2,0.6,0.4, nan, nan, nan
3686, 達能,0,0,0, nan, nan, nan
3687, 歐買尬,0,0,0, nan, nan, nan
3689, 湧德,2.18,1.2,2.3,1.6,1.5,4.3
3691, 碩禾,11.038,0,5,15.19,20,15
3693, 營邦,2.792,0,0,3,5.3,5.66
3694, 海華,0,0,0, nan, nan, nan
3698, 隆達,0.418,0.2,0.2, nan,0.63,1.06
3701, 大眾控,0,0,0, nan, nan, nan
3702, 大聯大,2.458,2.7,2.4,2.29,2.4,2.5
3703, 欣陸,0.5,0.9,0.6,0.5,0.5, nan
3704, 合勤控,0.07,0,0,0.2, nan,0.15
3705, 永信,2.04,2.2,2,1.5,2.5,2
3706, 神達,1.516,1.5,1.3,2.5,1.59,0.69
3707, 漢磊,0.03,0.15,0,0, nan, nan
3708, 上緯投控,1.6,5,1.99,1.01, nan, nan
3709, 鑫聯大投控,0.3,0.7,0.8, nan, nan, nan
3710, 連展投控,0,0,0, nan, nan, nan
3711, 日月光投控,1,2.5,2.5, nan, nan, nan
3712, 永崴投控,0,0, nan, nan, nan, nan
4102, 永日,0.06,0,0, nan, nan,0.3
4104, 佳醫,2.658,3,2.79,2.5,2.5,2.5
4105, 東洋,3.76,4.5,4.5,3.8,3.5,2.5
4106, 雃博,0.85,0.65,0.8,0.8,1,1
4107, 邦特,2.942,4,3.5,2,2.6,2.61
4108, 懷特,0,0,0, nan, nan, nan
4109, 加捷生醫,0.096,0,0,0.08,0.2,0.2
4111, 濟生,0.64,0.6,0.8,0.8,0.6,0.4
4113, 聯上,0.46,0.3,0.11,0.13,0.81,0.95
4114, 健喬,0.328,0.2,0.2,0.84,0.2,0.2
4116, 明基醫,0.91,1.35,1,0.7,1.5, nan
4119, 旭富,3.532,4.2,2.15,4.2,4,3.11
4120, 友華,1.9,1.8,2.5,1.8,1.8,1.6
4121, 優盛,0.08,0.1,0.3, nan, nan, nan
4123, 晟德,0.782,1.5,2.41,0,0,0
4126, 太醫,2.64,3.2,2.5,2.5,2.5,2.5
4127, 天良,0.2,0,0, nan,0.3,0.7
4128, 中天,0,0,0, nan, nan, nan
4129, 聯合,1.492,2,1.26,1.39,1.6,1.21
4130, 健亞,0.49,0.3,0.8,0.35,0.5,0.5
4131, 晶宇,0,0,0, nan, nan, nan
4133, 亞諾法,0.7,0.6,0.8,0.4,0.67,1.03
4137, 麗豐-KY,8.708,12,8.04,6.5,10,7
4138, 曜亞,3.448,3.15,3.4,3.56,3.63,3.5
4139, 馬光-KY,0,0,0, nan,0,0
4141, 龍燈-KY,0.38,0,0,1.2, nan,0.7
4142, 國光生,0,0,0, nan, nan, nan
4144, 康聯-KY,1.33,0.53,0,1,1.5,3.62
4147, 中裕,0,0,0, nan, nan, nan
4148, 全宇生技-KY,1.01,2.4,2.65, nan, nan, nan
4152, 台微體,0,0,0, nan, nan, nan
4153, 鈺緯,1.414,1.48,0, nan,3,2.59
4154, 康樂-KY,0.2,0,0, nan, nan,1
4155, 訊映,1.064,2.25,1.52,1.55, nan, nan
4157, 太景*-KY,0,0,0, nan, nan, nan
4160, 創源,0.206,0.63,0.4, nan, nan, nan
4161, 聿新科,0.436,0.5,0,0.15,0.5,1.03
4162, 智擎,1.8,1,2,3,2,1
4163, 鐿鈦,4.46,4.5,2.3,6,4.5,5
4164, 承業醫,1.578,1.79,1.1,1,2,2
4167, 展旺,0,0,0, nan,0, nan
4168, 醣聯,0,0,0, nan, nan, nan
4171, 瑞基,0,0,0, nan, nan, nan
4173, 久裕,0.598,1.04,0.3,0.54,0.3,0.81
4174, 浩鼎,0,0,0, nan, nan, nan
4175, 杏一,3.06,2.3,2.6,3.2,4,3.2
4183, 福永生技,0.36,0.7,0.3,0.8, nan, nan
4188, 安克,0,0,0, nan,0, nan
4190, 佐登-KY,3.1,4.5,2.5,3.5,5, nan
4192, 杏國,0,0,0, nan,0, nan
4198, 環瑞醫,0,0,0, nan, nan, nan
4205, 中華食,2.38,2.8,3,2.6,2,1.5
4207, 環泰,0.262,0.3,0.8, nan, nan,0.21
4303, 信立,6.32,1.2,30, nan,0.3,0.1
4304, 勝昱,0,0,0, nan, nan, nan
4305, 世坤,2.3,2.6,2.4,2.4,2.3,1.8
4306, 炎洲,0.428,0.49,0.6,0.3,0.5,0.25
4401, 東隆興,3.14,2,3,3.6,3.6,3.5
4402, 福大,0,0,0, nan, nan, nan
4406, 新昕纖,0,0,0, nan, nan, nan
4413, 飛寶企業,0,0, nan, nan, nan, nan
4414, 如興,0,0,0,0, nan,0
4416, 三圓,3,2,2,2,4.5,4.5
4417, 金洲,1.9,2.5,1.8,2.4,1.8,1
4419, 元勝,0,0,0, nan, nan, nan
4420, 光明,1.412,1.6,1.2,1.2,2.06,1
4426, 利勤,0.512,0.36,0.4,0.6,0.6,0.6
4429, 聚紡,0.3,0,0,0.5,0.5,0.5
4430, 耀億,1.18,1.5,1,1,1.2,1.2
4432, 銘旺實,2.498,1.16,0.93,2.4,4,4
4433, 興采,0.84,0.88,0.5,1.02,1,0.8
4438, 廣越,4.792,6,4.56,6.2,7.2, nan
4439, 冠星-KY,0,0, nan, nan, nan, nan
4502, 健信,0.41,0.3,1.25,0.5, nan, nan
4503, 金雨,0.1,0.5,0, nan, nan, nan
4506, 崇友,2.22,2.6,3.1,2.2,1.7,1.5
4510, 高鋒,0.78,0.65,0.55,0.7,0.8,1.2
4513, 福裕,0.26,0.8,0, nan,0.5, nan
4523, 永彰,0.16,0,0.1,0.2,0.2,0.3
4526, 東台,0.52,0.3,0,0.5,0.8,1
4527, 方土霖,1.96,2,2,2.2,1.8,1.8
4528, 江興鍛,1.9,2.1,2.2,1.7,2,1.5
4529, 淳紳,0,0,0, nan, nan, nan
4530, 宏易,0,0,0, nan, nan, nan
4532, 瑞智,1.766,1.2,1.75,2.28,1.6,2
4533, 協易機,0.52,0.45,0.45,0.6,0.5,0.6
4534, 慶騰,0.524,0,0.3,1.22,0.5,0.6
4535, 至興,2.06,1.15,2.15,2.25,2.25,2.5
4536, 拓凱,4.8,5.5,3,6,5,4.5
4538, 大詠城,0.62,1.2,1.4,0.5, nan, nan
4540, 全球傳動,1.02,3.6,1.2,0.3, nan, nan
4541, 晟田,0.758,1.09,0.3,0.3,0.9,1.2
4542, 科嶠,1.32,1.2,1.8, nan,0.6,3
4543, 萬在,0.58,1,0.3,0.4,1.2, nan
4545, 銘鈺,1.72,0.35,0.5,2.25,5.5, nan
4549, 桓達,3.62,4,4,3.5,2.8,3.8
4550, 長佳,1.408,1.25,1.27,1.97,1.3,1.25
4551, 智伸科,4.23,3.1,6.35,4.6,3.25,3.85
4552, 力達-KY,3.06,2.3,5,8, nan, nan
4554, 橙的,0.52,0,0,0.8,1.8, nan
4555, 氣立,2.52,2,2,2,3.1,3.5
4556, 旭然,0.544,1.25,0.36,0.36,0.75, nan
4557, 永新-KY,4,5,5,5,5, nan
4560, 強信-KY,1.51,3.47,2.48,1.6, nan, nan
4561, 健椿,0.478,1,0.69,0.7, nan, nan
4562, 穎漢,1,1.5,2,1.5, nan, nan
4563, 百德,1.9,3,3.5,3, nan, nan
4564, 元翎,0.98,2.5,1.2,1.2, nan, nan
4566, 時碩工業,1.076,1.99,2.39,1, nan, nan
4568, 科際精密,1.782,4.48,4.43, nan, nan, nan
4571, 鈞興-KY,0,0, nan, nan, nan, nan
4572, 駐龍,0.1,0,0.5, nan, nan, nan
4576, 大銀微系統,0,0, nan, nan, nan, nan
4580, 捷流閥業,0,0, nan, nan, nan, nan
4609, 唐鋒,0,0,0, nan, nan, nan
4702, 中美實,0,0, nan, nan, nan, nan
4706, 大恭,1.06,1,1.1,1.3,0.9,1
4707, 磐亞,0.26,0.1,0.1,1,0.1, nan
4711, 永純,0.88,0.5,1.2,1.4,0.7,0.6
4712, 南璋,0,0,0, nan, nan, nan
4714, 永捷,0.636,1.58,0.47,0.37,0.5,0.26
4716, 大立,0.28,0.4,0.15,0.35,0.25,0.25
4720, 德淵,0.45,0.15,0.2,0.6,1,0.3
4721, 美琪瑪,1.89,2.8,2.4,1.55,1.4,1.3
4722, 國精化,2.02,1.8,1.5,2.5,2.8,1.5
4725, 信昌化,0,0,0, nan, nan, nan
4726, 永昕,0,0,0, nan, nan, nan
4728, 雙美,0.422,1.2,0.3, nan, nan,0.61
4729, 熒茂,0,0,0, nan, nan, nan
4735, 豪展,1.592,2.3,2.27,2.01,1,0.38
4736, 泰博,5.218,7.99,4.9,3,5,5.2
4737, 華廣,2.644,2,4.14,4.14,2,0.94
4739, 康普,2.306,3.2,3.01,2.7,1.6,1.02
4741, 泓瀚,1.69,1.95,3,3.5, nan, nan
4743, 合一,0.02,0,0, nan, nan,0.1
4744, 皇將,0.9,1.5,1,2, nan, nan
4745, 合富-KY,1.748,0.3,0.2,2,2.6,3.64
4746, 台耀,1.868,0.5,2,2.88,1.98,1.98
4747, 強生,1.85,1.65,1.8,1.9,1.75,2.15
4754, 國碳科,1.74,1.5,2.6,2.6,2, nan
4755, 三福化,1.72,2.7,2.6,1.6,1,0.7
4760, 勤凱,0.62,1.4,0.9,0.8, nan, nan
4763, 材料-KY,3.8,4,5,5,5, nan
4764, 雙鍵,1.98,5,2.7,2.2, nan, nan
4766, 南寶,2,5,5, nan, nan, nan
4767, 誠泰科技,0.54,1.2,1.5, nan, nan, nan
4803, VHQ-KY,2.65,6.95,3.3,2,1, nan
4804, 大略-KY,1,0,0.5,3,1,0.5
4806, 昇華,0.7,0,0,2,1.5, nan
4807, 日成-KY,2,4,3,3, nan, nan
4903, 聯光通,0.096,0,0, nan,0.16,0.32
4904, 遠傳,3.75,3.75,3.75,3.75,3.75,3.75
4905, 台聯電,1.328,2.55,2.07,0.52,1,0.5
4906, 正文,0.71,0,0.99,1.46,0.6,0.5
4907, 富宇,0.6,1.5,1.5, nan, nan, nan
4908, 前鼎,0.904,0.86,0.81,0.65,0.4,1.8
4909, 新復興,1.02,0.7,0.6,1.2,1.3,1.3
4911, 德英,0.02,0,0, nan, nan,0.1
4912, 聯德控股-KY,3.9,2.5,2.5,4,6,4.5
4915, 致伸,2.4,2.4,3.2,2.5,2.1,1.8
4916, 事欣科,1.292,2.47,0.99,1,0.5,1.5
4919, 新唐,2.08,2.5,2.5,2.4,1.8,1.2
4924, 欣厚-KY,0,0,0, nan, nan, nan
4927, 泰鼎-KY,1.648,2.46,0,0.78,2.5,2.5
4930, 燦星網,0.86,0,0,0.3, nan,4
4931, 新盛力,0.14,0,0.2,0.5, nan, nan
4933, 友輝,1.406,1.61,0.8,1.35,1.25,2.02
4934, 太極,0.208,0,0, nan,0.6,0.44
4935, 茂林-KY,2.06,0.8,1,3,3.5,2
4938, 和碩,4.294,3.5,4,4.93,5,4.04
4939, 亞電,0.34,0.5,0.5, nan, nan,0.7
4942, 嘉彰,1.592,2.5,1.2,1.5,1.26,1.5
4943, 康控-KY,2.33,5.15,5,1.5, nan, nan
4944, 兆遠,0.024,0,0, nan, nan,0.12
4946, 辣椒,0.1,0,0.5, nan, nan, nan
4947, 昂寶-KY,7.58,7.2,8,8.2,6,8.5
4950, 牧東,0.426,0,0,1.05,0.5,0.58
4952, 凌通,3,2.5,3,3.5,3.2,2.8
4953, 緯軟,1.164,1.7,0.5,1.1,1.02,1.5
4956, 光鋐,0.2,0,0.5, nan, nan,0.5
4958, 臻鼎-KY,3.626,4.46,3.3,2.2,4.5,3.67
4960, 誠美材,0.6,0,0, nan,0.5,2.5
4961, 天鈺,0.6,1.3,0.5,1.2, nan, nan
4966, 譜瑞-KY,8.666,12.31,12.22,8.88,4.94,4.98
4967, 十銓,0.8,2,2, nan, nan, nan
4968, 立積,0.85,1.49,0.63,1.68,0.45, nan
4971, IET-KY,1.674,0.99,2,2,2,1.38
4972, 湯石照明,2.392,2.36,2.3,2.7,2.8,1.8
4973, 廣穎,1.34,1.2,1,1.8,1.2,1.5
4974, 亞泰,2.738,3.1,2.75,2.49,2.65,2.7
4976, 佳凌,0.062,0,0,0, nan,0.31
4977, 眾達-KY,4.3,3.56,4.64,4.8,4,4.5
4979, 華星光,0.8,0,0, nan,3,1
4987, 科誠,4.64,5,4.7,3.5,5,5
4989, 榮科,0.96,1.6,3.2, nan, nan, nan
4991, 環宇-KY,0.72,1.19,0.98,0.95,0.24,0.24
4994, 傳奇,0.25,0,0, nan,0.25,1
4995, 晶達,2.346,2.15,2.26,1.8,2.52,3
4999, 鑫禾,3.32,3.5,3,3.1,3,4
5007, 三星,2.6,3,3,2.5,2,2.5
5009, 榮剛,0.512,0.45,0.31,0.4,0.6,0.8
5011, 久陽,0.75,1,0,0.5,0.65,1.6
5013, 強新,0.82,0.5,0.8,2,0.6,0.2
5014, 建錩,0.31,0,0.3,0.8, nan,0.45
5015, 華祺,2.96,4.2,3.1,2.5,2,3
5016, 松和,2.24,2.5,3,2.5,1.2,2
5102, 富強,0.78,0.8,1,0.7,0.7,0.7
5201, 凱衛,0.78,1.4,0.3, nan,1.1,1.1
5202, 力新,0.086,0.43,0, nan, nan, nan
5203, 訊連,3.472,2.99,1.69,1.7,4,6.98
5205, 中茂,0,0,0, nan, nan, nan
5206, 坤悅,0.42,0.7,0.7,0.2,0.5, nan
5209, 新鼎,2.646,2.78,2.88,2.51,2.53,2.53
5210, 寶碩,0.062,0,0, nan, nan,0.31
5211, 蒙恬,0.472,0,0.32,0.61,0.59,0.84
5212, 凌網,0.804,1.5,0.8,0.72,0.75,0.25
5213, 亞昕,1.154,2,0.97,0.5,1.2,1.1
5215, 科嘉-KY,2.5,2.5,1,3,3,3
5220, 萬達光電,1.62,3,2.6,2.5, nan, nan
5223, 安力-KY,0.86,2.3,2, nan, nan, nan
5225, 東科-KY,2.224,1.3,0.7,1.12,3,5
5227, 立凱-KY,0,0,0, nan, nan, nan
5230, 雷笛克光學,1.264,1.22,1.8,1.2,1.1,1
5234, 達興材料,3.14,5,3.5,3,2,2.2
5243, 乙盛-KY,1.754,1.5,2,1.5,1.2,2.57
5245, 智晶,3.226,1.5,5,5,2.37,2.26
5251, 天鉞電,1.492,0,0.6,1.36,2.01,3.49
5258, 虹堡,0.48,0,0.4,2, nan, nan
5263, 智崴,2.99,4,4,2.5,2.5,1.95
5264, 鎧勝-KY,4.54,1,2.5,4,8,7.2
5269, 祥碩,5.7,12,6,4.5,3,3
5272, 笙科,1.222,0,1.5,1.11,1,2.5
5274, 信驊,12,18,15,12,8,7
5276, 達輝-KY,1.246,0.54,0.67,1.02,2,2
5278, 尚凡,1.192,5,0, nan, nan,0.96
5281, 大峽谷-KY,0.546,1,1,0.2,0.53, nan
5283, 禾聯碩,4,9,7,4, nan, nan
5284, jpp-KY,2.768,2.6,3.17,2.56,3.11,2.4
5285, 界霖,2.31,3.54,3.16,1.55,1.8,1.5
5287, 數字,12.6,12.5,15.5,10.5,12,12.5
5288, 豐祥-KY,4.302,5,4,4,5.01,3.5
5289, 宜鼎,4.99,6,5.61,4.37,4.47,4.5
5291, 邑昇,0.578,0.8,0, nan,0.31,1.78
5299, 杰力,1.728,5.1,2.75,0.79, nan, nan
5301, 寶得利,0.06,0,0, nan,0.15,0.15
5302, 太欣,0,0,0, nan, nan, nan
5304, 鼎創達,0,0,0, nan, nan, nan
5305, 敦南,1.44,2.2,1.6,1.2,1.2,1
5306, 桂盟,3.25,4.5,4.5,3.25,2.5,1.5
5309, 系統電,0,0,0, nan, nan, nan
5310, 天剛,0.06,0,0, nan,0.3,0
5312, 寶島科,3.68,3.8,3.8,3.6,3.6,3.6
5314, 世紀,0,0,0, nan, nan, nan
5315, 光聯,0.994,1.47,1,2.5, nan, nan
5321, 友銓,0,0,0, nan, nan, nan
5324, 士開,0,0,0, nan, nan, nan
5328, 華容,0.062,0,0,0.31, nan, nan
5340, 建榮,0,0,0, nan, nan, nan
5344, 立衛,0,0,0, nan, nan, nan
5345, 天揚,0.06,0,0, nan,0.3, nan
5347, 世界,2.88,3.2,3,3,2.6,2.6
5348, 系通,0,0,0, nan, nan, nan
5349, 先豐,1.39,0,0,1.24,2.57,3.14
5351, 鈺創,0.04,0,0, nan, nan,0.2
5353, 台林,0.564,1.12,0.6,0.4,0.28,0.42
5355, 佳總,0.07,0,0, nan, nan,0.35
5356, 協益,3.5,2,2,4,4,5.5
5364, 力麗店,0.4,0,0,1,1, nan
5371, 中光電,2.7,3.5,3,2,1.5,3.5
5381, 合正,0,0,0, nan, nan, nan
5383, 金利,0.1,0,0, nan, nan,0.5
5386, 青雲,0.76,0.5,1,1.3,1,0
5388, 中磊,3.488,2.5,3.75,4.2,4,2.99
5392, 應華,0.638,0.47,1,0.62,1,0.1
5398, 慕康生醫,0.026,0,0.13, nan, nan, nan
5403, 中菲,2.6,3,3.4,3,2.6,1
5410, 國眾,1.166,1.3,1.23,1,1.22,1.08
5425, 台半,2.596,3,2.98,2.5,2.5,2
5426, 振發,0.72,1,0,1,0.6,1
5432, 達威,0.1,0.5,0, nan, nan, nan
5434, 崇越,4.42,5.3,4.2,5,3.9,3.7
5438, 東友,1.19,1.05,1.5,1.2,1.2,1
5439, 高技,1.58,2.8,2,0,1.5,1.6
5443, 均豪,1.144,1.3,1.22,1.4,1,0.8
5450, 寶聯通,0,0,0, nan, nan, nan
5452, 佶優,0.14,0.2,0,0.15,0.2,0.15
5455, 昇益,0,0,0, nan, nan, nan
5457, 宣德,0.1,0,0, nan,0.5, nan
5460, 同協,0.63,0.3,0.5,0.65,0.8,0.9
5464, 霖宏,1.02,1,0,0.4,1.5,2.2
5465, 富驊,0.146,0.27,0, nan,0.26,0.2
5468, 凱鈺,0,0,0, nan, nan, nan
5469, 瀚宇博,0.64,1,0.8,0.6,0.2,0.6
5471, 松翰,2.156,2.08,1.5,1.8,2.2,3.2
5474, 聰泰,3.62,3.8,3.3,3.3,4.2,3.5
5475, 德宏,0,0,0, nan, nan, nan
5478, 智冠,2,2.2,2,2,1.5,2.3
5481, 新華,0.08,0.4,0, nan, nan, nan
5483, 中美晶,2.16,3,3,1.5,1.5,1.8
5484, 慧友,0,0,0, nan, nan, nan
5487, 通泰,1.53,0.88,1.47,1.6,1.7,2
5488, 松普,0.286,1.35,0,0.08, nan, nan
5489, 彩富,2.576,2,1.5,1.8,3.5,4.08
5490, 同亨,2.5,0.5,1,4,4.5,2.5
5493, 三聯,1.81,1.75,1.6,2,2.2,1.5
5498, 凱崴,0.004,0,0.02, nan, nan, nan
5508, 永信建,3.174,2.86,2.72,1.81,2.37,6.11
5511, 德昌,1.41,2.1,1.2,0.5,0.6,2.65
5512, 力麒,0.5,0.4,0.7,0.1,0.5,0.8
5514, 三豐,0.33,0.2,0.6,0.35, nan,0.5
5515, 建國,0.504,0.5,0.5,0.5,0.5,0.52
5516, 雙喜,0,0,0, nan, nan, nan
5519, 隆大,0.61,0.95,0.4,0.5,0.6,0.6
5520, 力泰,1.4,1.2,1.2,1.75,1.5,1.35
5521, 工信,0.16,0,0.6,0.2, nan, nan
5522, 遠雄,3.32,3,2.5,3.8,3.5,3.8
5523, 豐謙,0.08,0.2,0.2, nan, nan, nan
5525, 順天,1.24,2,1.2,0.3,1.5,1.2
5529, 志嘉,0.05,0,0, nan, nan,0.25
5530, 龍巖,2.16,3,2.5,1.2,0.5,3.6
5531, 鄉林,0,0,0,0, nan,0
5533, 皇鼎,0.63,0.7,0.7,0.65,0.5,0.6
5534, 長虹,5.206,7,6.2,6,2.83,4
5536, 聖暉,8.802,15,13,8.01,6,2
5538, 東明-KY,1.94,2,2.5,2,1,2.2
5543, 崇佑-KY,0.494,0.5,0.8,0.2,0.97, nan
5601, 台聯櫃,0.36,0,0.3,0.3,0.5,0.7
5603, 陸海,0.78,0,0.6,0.7,1.1,1.5
5604, 中連貨,2.29,3.75,1.5,1.2,3.2,1.8
5607, 遠雄港,0.12,0.4,0.2, nan, nan, nan
5608, 四維航,0.102,0,0, nan, nan,0.51
5609, 中菲行,1.344,1.5,1.18,2,1.02,1.02
5701, 劍湖山,0,0,0, nan, nan, nan
5703, 亞都,0.25,0,0.2,0.2,0.5,0.35
5704, 老爺知,0.61,0.5,0.3, nan,1,1.25
5706, 鳳凰,2.162,1.61,3,2,2.7,1.5
5820, 日盛金,0.29,0.6,0.52,0.08,0.11,0.14
5864, 致和證,0.344,0.6,0.5,0.62, nan, nan
5871, 中租-KY,3.46,4.2,3.8,3.4,3.1,2.8
5876, 上海商銀,1.06,2,1.8,1.5, nan, nan
5878, 台名,2.63,2.75,3.2,3.2,3,1
5880, 合庫金,0.61,0.75,0.75,0.75,0.3,0.5
5902, 德記,0,0,0, nan, nan, nan
5903, 全家,5.22,5.8,5.5,5.2,4.6,5
5904, 寶雅,11.15,15.75,13,10.8,8.8,7.4
5905, 南仁湖,0.376,0.43,0.35,0.3,0.3,0.5
5906, 台南-KY,0,0,0, nan, nan, nan
5907, 大洋-KY,1.476,1.69,1.2,0.97,0.52,3
6005, 群益證,0.412,0.4,0.2,0.37,0.49,0.6
6015, 宏遠證,0.132,0,0.36, nan, nan,0.3
6016, 康和證,0.092,0,0.25, nan,0.21, nan
6020, 大展證,0.238,0.03,0.66,0.08, nan,0.42
6021, 大慶證,0.27,1,0.35, nan, nan, nan
6023, 元大期,3.3,2.8,2,2.47,2.28,6.95
6024, 群益期,2.49,3.4,2.87,2.21,2.47,1.5
6026, 福邦證,0.446,0.2,1.38,0.35,0.3, nan
6101, 寬魚國際,0,0,0, nan, nan, nan
6103, 合邦,0,0,0, nan, nan, nan
6104, 創惟,2.57,2.36,1.3,2.19,3,4
6108, 競國,1.39,2.5,1.35,2, nan,1.1
6109, 亞元,0.72,0.1,0.5,1,1.2,0.8
6111, 大宇資,0,0,0, nan, nan, nan
6112, 聚碩,1.6,1.5,1.5,1.5,1.5,2
6113, 亞矽,0,0,0, nan, nan, nan
6114, 久威,1.7,1.5,1.5,3,2.5, nan
6115, 鎰勝,3.398,3,3,4,3.5,3.49
6116, 彩晶,0.26,0.3,0.5,0.5, nan, nan
6117, 迎廣,0.3,0,1.2, nan, nan,0.3
6118, 建達,0,0,0, nan, nan, nan
6120, 達運,0.404,0.34,0.4,0.28,0.2,0.8
6121, 新普,8.3,11.5,10,6,7,7
6122, 擎邦,0,0,0, nan, nan, nan
6123, 上奇,2.042,3.1,3,0.5,2.1,1.51
6124, 業強,0,0,0, nan, nan, nan
6125, 廣運,0.462,0.51,0.3,0.5,0.5,0.5
6126, 信音,0.128,0.3,0.34, nan, nan, nan
6127, 九豪,0.11,0,0.25,0.3, nan, nan
6128, 上福,2.22,2,0.5,2.8,3,2.8
6129, 普誠,0,0,0, nan, nan, nan
6130, 星寶國際,0.4,0,0, nan, nan,2
6131, 鈞泰,0,0, nan, nan, nan, nan
6133, 金橋,0.298,0.25,0.25,0.2,0.4,0.39
6134, 萬旭,0,0,0, nan, nan, nan
6136, 富爾特,1.942,1.5,1.8,2,2.1,2.31
6138, 茂達,2.42,4.2,2.4,2.11,1.5,1.89
6139, 亞翔,1.246,1.5,1.5,1.43,1,0.8
6140, 訊達,0,0,0, nan, nan, nan
6141, 柏承,0.3,0.1,0.5,0.3,0.3,0.3
6142, 友勁,0.112,0,0,0.56, nan, nan
6143, 振曜,3.2,4,2,3,2,5
6144, 得利影,0,0,0, nan, nan, nan
6146, 耕興,6.022,6.2,6.1,6.2,6,5.61
6147, 頎邦,2.53,3.5,2.35,2.1,2.1,2.6
6148, 驊宏資,0.246,1,0, nan, nan,0.23
6150, 撼訊,1.4,2,5, nan, nan, nan
6151, 晉倫,1.78,1.3,2,2.2,2.2,1.2
6152, 百一,0,0,0, nan, nan, nan
6153, 嘉聯益,0.526,0.3,0.2,0.5,1,0.63
6154, 順發,1.07,1,1,1,1,1.35
6155, 鈞寶,0.92,1,0.45,0.85,1.1,1.2
6156, 松上,0.38,0.4,0.4,0.8,0.3, nan
6158, 禾昌,2.544,10,1.22,1,0.5, nan
6160, 欣技,0.746,0.73,0,1,1,1
6161, 捷波,0.84,1.6,1.1,0.9,0.2,0.4
6163, 華電網,0.16,0.3,0.5, nan, nan, nan
6164, 華興,0.56,0.2,0.4,0.85,0.5,0.85
6165, 捷泰,0,0,0, nan, nan, nan
6166, 凌華,1.78,1.3,1.5,1.8,2.4,1.9
6167, 久正,0,0,0, nan, nan, nan
6168, 宏齊,0.68,1,1, nan, nan,1.4
6169, 昱泉,0,0,0, nan, nan, nan
6170, 統振,0.168,0,0,0.12,0.43,0.29
6171, 亞銳士,0.18,0.2,0.3,0.2,0.2, nan
6172, 互億,0,0,0, nan, nan, nan
6173, 信昌電,1.37,4.3,1.5,0.3,0.35,0.4
6174, 安碁,0.94,1,0.5,1,1,1.2
6175, 立敦,0.894,1.5,2,0.5,0.3,0.17
6176, 瑞儀,5.26,7,4.8,4.5,4.5,5.5
6177, 達麗,2.778,0.5,4.42,1.99,2.98,4
6179, 亞通,1.764,1.5,2,2.52,2.6,0.2
6180, 橘子,1.72,6.2,0.5, nan,1.2,0.7
6182, 合晶,0.576,2.5,0.38, nan, nan, nan
6183, 關貿,1.336,1.66,1.5,1.22,1.2,1.1
6184, 大豐電,1.598,2.5,2.5,0.5,0.5,1.99
6185, 幃翔,1.3,0.5,0.7,1.7,1.6,2
6186, 新潤,2,1,1.5,2,3,2.5
6187, 萬潤,2.59,3.1,3.1,3,2,1.75
6188, 廣明,1.72,1.5,1.2,1.5,1.2,3.2
6189, 豐藝,2.586,2.63,1.8,2.3,3,3.2
6190, 萬泰科,0.412,1,0.6,0.46, nan, nan
6191, 精成科,0.26,0.3,0.6,0.4, nan, nan
6192, 巨路,2.92,3.3,3.3,2,3,3
6194, 育富,0.75,0.75,0.75,0.75,0.75,0.75
6195, 詩肯,3.704,3,3.94,2.97,3.5,5.11
6196, 帆宣,2.31,3,2.48,2.07,2,2
6197, 佳必琪,1.822,2,1.68,1.2,2,2.23
6198, 凌泰,0,0,0, nan, nan, nan
6199, 天品,0.08,0.2,0.2, nan, nan, nan
6201, 亞弘電,2.32,2.7,2.1,3,2,1.8
6202, 盛群,3.874,4.7,4.1,3.5,3.57,3.5
6203, 海韻電,2.24,2.5,1.2,2,2,3.5
6204, 艾華,0.96,1,1.1,1,0.7,1
6205, 詮欣,1.78,1.5,1.2,2,2,2.2
6206, 飛捷,5.29,5,4.5,5,6,5.95
6207, 雷科,2.032,2.5,1.8,1.5,2.5,1.86
6208, 日揚,0.98,1.7,1.4,0.8,0.2,0.8
6209, 今國光,0.1,0,0,0.5, nan, nan
6210, 慶生,3.22,2.6,3.5,2,4,4
6212, 理銘,1.5,3,1.5,1.5,1.5, nan
6213, 聯茂,2.444,3.8,3.1,2.5,1.6,1.22
6214, 精誠,4.996,5,5,5,5,4.98
6215, 和椿,0.57,0.5,0.6,0.5,0.25,1
6216, 居易,2.284,1.98,2.06,2.64,2.62,2.12
6217, 中探針,1.65,0.7,1.6,1.8,2.4,1.75
6218, 豪勉,1.2,1.6,1.2,1.2,1,1
6219, 富旺,0.464,0.64,0.75,0.09,0.12,0.72
6220, 岳豐,1.692,2,2.3,2.3,1.25,0.61
6221, 晉泰,1.048,1.25,0.5,0.5,1.7,1.29
6222, 上揚,0,0,0, nan, nan, nan
6223, 旺矽,2.738,2,0.5,4.18,3,4.01
6224, 聚鼎,3.96,3.75,3,4.55,4.3,4.2
6225, 天瀚,0,0,0, nan, nan, nan
6226, 光鼎,0.088,0.12,0.12,0.1, nan,0.1
6227, 茂綸,1.1,1.5,1.1,1,1,0.9
6228, 全譜,0,0,0, nan, nan, nan
6229, 研通,0.576,0.93,0.46,0.67,0.04,0.78
6230, 超眾,5.13,4.7,3.95,7.5,5.5,4
6231, 系微,0.78,1.5,0.85,0.3,0.85,0.4
6233, 旺玖,0,0,0, nan, nan, nan
6234, 高僑,0.61,0.6,0.3,0.25,1,0.9
6235, 華孚,0.558,0.5,0.3,1.99, nan, nan
6236, 康呈,0,0,0, nan, nan, nan
6237, 驊訊,0.39,0.25,0.5,0.25,0.25,0.7
6238, 勝麗,5.944,8.25,7.98,7.49,6, nan
6239, 力成,3.96,4.8,4.5,4,3.5,3
6240, 松崗,0,0,0, nan, nan, nan
6241, 易通展,0.36,0,0, nan, nan,1.8
6242, 立康,1.27,2.5,2.5,1.3,0.05, nan
6243, 迅杰,0,0,0, nan, nan, nan
6244, 茂迪,0,0,0,0,0, nan
6245, 立端,2.088,2,2,3,1.97,1.47
6246, 臺龍,0.362,0,0,1.81, nan, nan
6247, 淇譽電,0.19,0,0.2,0.15,0.5,0.1
6248, 沛波,0.43,0,0.7,0.8,0.65, nan
6251, 定穎,0,0,0, nan, nan, nan
6257, 矽格,1.838,2.06,1.76,1.65,1.6,2.12
6259, 百徽,0,0,0, nan, nan, nan
6261, 久元,3.7,3,4.1,3.1,3.3,5
6263, 普萊德,3.92,4.3,4.3,3.9,3.8,3.3
6264, 富裔,0,0,0, nan,0, nan
6265, 方土昶,0.284,0,0, nan,0.55,0.87
6266, 泰詠,0.966,1.71,1.16,0.68,0.8,0.48
6269, 台郡,4.208,5,5.02,4.46,4.49,2.07
6270, 倍微,0.704,1,0.97,0.5,0.5,0.55
6271, 同欣電,5.982,6,6,5.91,6,6
6274, 台燿,2.58,4.4,3.19,2.1,1.6,1.61
6275, 元山,0.414,0,0.6,0.6,0.4,0.47
6276, 安鈦克,0.12,0,0, nan, nan,0.6
6277, 宏正,6.04,8,5.5,5.8,5.2,5.7
6278, 台表科,1.32,1.3,1.3,1,1.5,1.5
6279, 胡連,5.84,4,8,6,5.6,5.6
6281, 全國電,3.98,4,4,4.3,3.7,3.9
6282, 康舒,1.276,1,0.9,1.4,1.5,1.58
6283, 淳安,0.1,0,0,0.5, nan, nan
6284, 佳邦,0.744,0.8,0.46,0.46,1,1
6285, 啟碁,3.454,3.5,3.7,3.67,3.7,2.7
6287, 元隆,0,0,0, nan, nan, nan
6288, 聯嘉,0.28,0.55,0.35,0.5, nan, nan
6289, 華上,0,0,0, nan, nan, nan
6290, 良維,1.89,1.49,1.5,2.65,2,1.81
6291, 沛亨,0,0,0, nan, nan, nan
6292, 迅德,2.56,2.3,2.3,3.2,2,3
6294, 智基,5.56,8,7.5,8.5,3.8,0
6404, 通訊-KY,0.346,0,0, nan,0.2,1.53
6405, 悅城,0.64,0.5,0.5,0.2, nan,2
6409, 旭隼,17.36,21,20,20,15,10.8
6411, 晶焱,2.614,4.17,3.2,2.4,1.8,1.5
6412, 群電,2.506,2,3.1,2.75,2.35,2.33
6414, 樺漢,8.2,7,8.88,10.12,9,6
6415, 矽力-KY,4.678,6.52,5.98,4.92,2,3.97
6416, 瑞祺電通,2.406,3.5,3.53,5, nan, nan
6417, 韋僑,1.02,0.6,0.7,1.5,1.5,0.8
6418, 詠昇,0.8,1.1,1.3,1.6, nan, nan
6419, 京晨科,0,0,0, nan, nan,0
6425, 易發,1.118,3,2.1,0.49, nan, nan
6426, 統新,1.496,1.49,1.49,1.49,1.5,1.51
6431, 光麗-KY,0.5,0,0, nan, nan,2.5
6432, 今展科,1.508,1.6,0.19,1.4,2.5,1.85
6435, 大中,3.314,7.07,3.5,3,3, nan
6438, 迅得,1.76,2.8,4,2, nan, nan
6441, 廣錠,2,2,4,4, nan, nan
6442, 光聖,2.36,1.5,2,3.3,3,2
6443, 元晶,0,0,0,0,0, nan
6446, 藥華藥,0,0,0, nan, nan, nan
6449, 鈺邦,1.568,0.99,1.85,1.8,1.6,1.6
6451, 訊芯-KY,4.434,2.33,0.94,5.4,6,7.5
6452, 康友-KY,7.24,3.2,8,7.65,9.2,8.15
6456, GIS-KY,4,4,9,4,3, nan
6457, 紘康,1.804,1.83,1.99,1.64,2.12,1.44
6461, 益得,0,0,0, nan, nan, nan
6462, 神盾,2.474,8.09,4.28, nan, nan, nan
6464, 台數科,3.822,5.51,5,2,6.6, nan
6465, 威潤,1.392,1,0.99,2.22,1.83,0.92
6469, 大樹,1.548,1.3,1.64,2.8,2, nan
6470, 宇智,3,2.5,2,4,4,2.5
6472, 保瑞,0.86,3,0.5,0.8, nan, nan
6477, 安集,0.354,0.8,0.42,0.2,0.35, nan
6482, 弘煜科,0.55,0,0,0.99,1.76, nan
6485, 點序,1.462,0,0,2.44,1.45,3.42
6486, 互動,2.9,4.8,3.2,3.5,3, nan
6488, 環球晶,9.492,25,10,1.76,5,5.7
6491, 晶碩,0.2,0, nan,1, nan, nan
6492, 生華科,0,0,0, nan, nan, nan
6494, 九齊,2.138,2.2,3.5,3,1.99, nan
6496, 科懋,2.7,4,4,3,2.5, nan
6497, 亞獅康-KY,0,0,0, nan, nan, nan
6499, 益安,0,0,0, nan, nan, nan
6504, 南六,4.2,5,4.5,4.8,3.9,2.8
6505, 台塑化,4.39,4.8,6.3,6,4,0.85
6506, 雙邦,0.96,1,1,1.7,0.8,0.3
6508, 惠光,1.49,1.5,1.35,1.5,1.3,1.8
6509, 聚和,0.466,0.6,0.4,0.32,0.6,0.41
6510, 精測,6.8,10,10,8,6, nan
6512, 啟發電,1.208,0.47,0.46,2.28,2.83, nan
6514, 芮特-KY,0.776,0.28,1.4,0.3,1.9, nan
6516, 勤崴國際,0.388,0.11,0.93,0.9, nan, nan
6523, 達爾膚,2.51,0.45,2.5,6.6,3, nan
6525, 捷敏-KY,2.908,4,3,3.8,3.74, nan
6527, 明達醫,0,0, nan, nan, nan, nan
6530, 創威,0.6,1,1,1, nan, nan
6531, 愛普,1.698,0.51,1.49,2,4.49, nan
6532, 瑞耘,1.118,2.3,1.1,0.79,1.4, nan
6533, 晶心科,0.14,0.7,0, nan, nan, nan
6535, 順藥,0,0,0, nan, nan, nan
6538, 倉和,2.17,1,1.3,4.3,4.25, nan
6541, 泰福-KY,0,0,0, nan, nan, nan
6542, 隆中,1.254,3,0,2.87,0.4, nan
6547, 高端疫苗,0,0,0,0, nan, nan
6548, 長科*,3.14,0,11.5,1.2,3, nan
6552, 易華電,0.61,2,0.3,0.75, nan, nan
6556, 勝品,1.04,1.2,2,2, nan, nan
6558, 興能高,0.642,1.2,1.11,0.9, nan, nan
6560, 欣普羅,1,3,0,2, nan, nan
6561, 是方,3.394,7.5,4.97,4.5, nan, nan
6568, 宏觀,2.98,5.9,5,4, nan, nan
6569, 醫揚,4.2,6.5,6.5,8, nan, nan
6570, 維田,0.86,1.8,1,1.5, nan, nan
6573, 虹揚-KY,0.25,0.25,1, nan, nan, nan
6574, 霈方,3.326,4,6.16,6.47, nan, nan
6576, 逸達,0,0, nan,0, nan, nan
6577, 勁豐,2.36,4.5,4,3.3, nan, nan
6578, 達邦蛋白,0.54,0.8,0.5,1.4, nan, nan
6579, 研揚,2.624,4.1,4.75,4.27, nan, nan
6581, 鋼聯,2.746,4.98,5.35,3.4, nan, nan
6582, 申豐,2.14,3.59,3.49,3.62, nan, nan
6589, 台康生技,0,0,0, nan, nan, nan
6590, 普鴻,0.88,1.5,1.2,1.7, nan, nan
6591, 動力-KY,1,1.5,2,1.5, nan, nan
6592, 和潤企業,0,0, nan, nan, nan, nan
6593, 台灣銘板,0.82,1.8,1.3,1, nan, nan
6594, 展匯科,0.556,0.75,0.62,1.41, nan, nan
6596, 寬宏藝術,1.5,2,3.5,2, nan, nan
6603, 富強鑫,0.458,0.5,0.59,0.7,0.1,0.4
6605, 帝寶,2.96,2.3,2.5,3,2.5,4.5
6609, 瀧澤科,1.44,2.2,1,0.6,1.4,2
6612, 奈米醫材,0.2,0.5,0.5, nan, nan, nan
6613, 朋億,6.2,15,10,6, nan, nan
6615, 慧智,1.2,2,2,2, nan, nan
6616, 特昇-KY,0.36,0.8,1, nan, nan, nan
6624, 萬年清,1.004,2.22,2.25,0.55, nan, nan
6625, 必應,0.66,1.5,0.5,1.3, nan, nan
6629, 泰金-KY,0,0, nan, nan, nan, nan
6640, 均華,1.2,3,3, nan, nan, nan
6641, 基士德-KY,0.76,3.8, nan, nan, nan, nan
6642, 富致,0.34,0,1.7, nan, nan, nan
6643, M31,2.3,7,4.5, nan, nan, nan
6649, 台生材,0,0, nan, nan, nan, nan
6654, 天正國際,1.3,5.5,1, nan, nan, nan
6655, 科定,0.72,2,1.6, nan, nan, nan
6662, 樂斯科,0.84,1.85,2.35, nan, nan, nan
6664, 群翊,1.6,4,4, nan, nan, nan
6666, 羅麗芬-KY,1.4,7, nan, nan, nan, nan
6667, 信紘科,1.16,2.8,3, nan, nan, nan
6668, 中揚光,0.6,1,2, nan, nan, nan
6669, 緯穎,4.41,16,6.05, nan, nan, nan
6670, 復盛應用,4,11,9, nan, nan, nan
6671, 三能-KY,0.6,3, nan, nan, nan, nan
6672, 騰輝電子-KY,0.87,3.35,1, nan, nan, nan
6674, 鋐寶科技,0.72,1.8,1.8, nan, nan, nan
6679, 鈺太,0.436,1.6,0.58, nan, nan, nan
6680, 鑫創電子,0.6,0,3, nan, nan, nan
6683, 雍智科技,1,3,2, nan, nan, nan
6690, 安碁資訊,0,0, nan, nan, nan, nan
6697, 東捷資訊,0,0, nan, nan, nan, nan
6698, 旭暉應材,0,0, nan, nan, nan, nan
6706, 惠特,0,0, nan, nan, nan, nan
6715, 嘉基,0,0, nan, nan, nan, nan
6803, 崑鼎,10.152,10.82,9.65,11.34,9.69,9.26
7402, 邑錡,1.132,1.2,0.35,1.91,2.2, nan
8011, 台通,0.312,0,0,0.54, nan,1.02
8016, 矽創,5.2,5,5.5,6,5,4.5
8021, 尖點,1.016,1.2,0.4,0.91,1.35,1.22
8024, 佑華,0.29,0.3,0.3,0.15,0.2,0.5
8027, 鈦昇,0.36,0.3,0,0,0.3,1.2
8028, 昇陽半導體,0.88,1.6,1.3,1.5, nan, nan
8032, 光菱,1.82,2,1.7,1.8,1.3,2.3
8033, 雷虎,0,0,0, nan, nan,0
8034, 榮群,0,0,0, nan, nan, nan
8038, 長園科,0,0,0, nan, nan, nan
8039, 台虹,2.4,2.5,2.5,2,2,3
8040, 九暘,0,0,0, nan, nan, nan
8042, 金山電,2.882,2,2.94,3.47,3,3
8043, 蜜望實,1.24,2.6,0.8,1,0.8,1
8044, 網家,3.068,0,0,5.58,5.24,4.52
8046, 南電,0.86,0.7,0.5,0.8,1,1.3
8047, 星雲,0.28,0,0.35,0.35,0.35,0.35
8048, 德勝,2.084,2.2,2.2,2.02,2.5,1.5
8049, 晶采,1.172,2,1.4,1.3,0.85,0.31
8050, 廣積,2.342,2,2.51,0.38,3.49,3.33
8054, 安國,1.064,1,1,0.8,1,1.52
8059, 凱碩,0.26,0,0,0.2,0.5,0.6
8064, 東捷,0.67,1,0,0.85,0.5,1
8066, 來思達,6.4,10,8,2,8,4
8067, 志旭,0,0,0, nan, nan, nan
8068, 全達,0,0,0, nan, nan, nan
8069, 元太,1.142,2.09,1.64,1.5,0.48, nan
8070, 長華,8.7,12,11,10,7,3.5
8071, 能率網通,0.214,0.42,0.15,0.2,0.2,0.1
8072, 陞泰,0.786,0.5,0.5,0.5,1,1.43
8074, 鉅橡,1.42,1.24,1.39,1.67,1.5,1.3
8076, 伍豐,0.724,1,0.7,0.7,0.72,0.5
8077, 洛碁,0,0,0, nan, nan, nan
8080, 永利聯合,0,0, nan, nan, nan, nan
8081, 致新,5.1,5,4.5,5,5,6
8083, 瑞穎,8.22,8.8,8.5,8.5,7.8,7.5
8084, 巨虹,0,0,0, nan, nan, nan
8085, 福華,0,0,0, nan, nan, nan
8086, 宏捷科,2.4,1.5,1.4,2.4,4.75,1.95
8087, 華鎂鑫,0.02,0,0.1, nan, nan, nan
8088, 品安,0.954,0.44,0.19,1.06,1.48,1.6
8091, 翔名,4.756,5.63,8.1,3.63,3,3.42
8092, 建暐,0,0,0, nan, nan, nan
8093, 保銳,0,0,0, nan, nan, nan
8096, 擎亞,0.056,0,0.2, nan,0.08, nan
8097, 常珵,0,0,0, nan, nan, nan
8099, 大世科,1.196,0.52,1.62,1.14,1,1.7
8101, 華冠,0,0,0, nan, nan, nan
8103, 瀚荃,1.406,1,1,1.8,0.3,2.93
8104, 錸寶,2.6,3,5,5, nan, nan
8105, 凌巨,0.1,0,0.2,0.2,0.1, nan
8107, 大億金茂,1.742,1,7, nan,0.71, nan
8109, 博大,4.36,4.5,4,4.5,4.5,4.3
8110, 華東,0.392,0.3,0.85,0.25,0.21,0.35
8111, 立碁,0.09,0.45,0, nan, nan, nan
8112, 至上,2.064,3,2.8,2.48,0.94,1.1
8114, 振樺電,7.118,6.2,6.2,7.94,7.75,7.5
8121, 越峰,0,0,0, nan, nan, nan
8131, 福懋科,2.08,2.5,2.5,2,2,1.4
8147, 正淩,1.678,0.55,2,2,2,1.84
8150, 南茂,1.362,1.2,0.3,1,2.09,2.22
8155, 博智,3.606,5.6,5.5,2.93,2,2
8163, 達方,1.96,3.5,2,2,2,0.3
8171, 天宇,0,0,0, nan, nan, nan
8176, 智捷,0.29,0.6,0.55,0.3, nan, nan
8182, 加高,0.85,1.1,1,0.65,0.7,0.8
8183, 精星,0.27,0.4,0.4,0.3, nan,0.25
8201, 無敵,0,0,0, nan, nan, nan
8210, 勤誠,3.12,4,3,3,2.6,3
8213, 志超,2.138,2.18,1.51,1.5,2,3.5
8215, 明基材,0.8,0.6,0.9, nan,1.2,1.3
8222, 寶一,0.58,0.5,0.3,0.8,0.8,0.5
8234, 新漢,1.208,0.7,0.6,1.5,1.25,1.99
8240, 華宏,0.51,0.85,0, nan,0.5,1.2
8249, 菱光,1.64,1.3,1.6,1.6,1.8,1.9
8255, 朋程,5.7,5,6,5,6.5,6
8261, 富鼎,0.71,1,0.45,0.7,1,0.4
8271, 宇瞻,2.34,2.5,2.6,2.4,2,2.2
8277, 商丞,0,0,0, nan, nan, nan
8279, 生展,1,2.5,1,1,0.5, nan
8287, 英格爾,0.42,0,0,1.2,0.6,0.3
8289, 泰藝,0.49,0.4,0.3,0.5,0.6,0.65
8291, 尚茂,0,0,0, nan, nan, nan
8299, 群聯,13.44,13,17,14,12,11.2
8341, 日友,4.54,6.5,6,4.5,3.5,2.2
8342, 益張,2.458,3.5,2.99,5.8, nan, nan
8349, 恒耀,4.6,4.66,5.49,4.85,4,4
8354, 冠好,0.62,0.6,0.5,0.5,0.7,0.8
8358, 金居,1.04,2.2,3,0, nan, nan
8367, 建新國際,0.62,1,1,1.1, nan, nan
8374, 羅昇,0.22,0.5,0.5,0.1, nan, nan
8383, 千附,2.414,2.5,2.7,2.7,2.2,1.97
8390, 金益鼎,0.25,0.45,0.3,0.1,0.2,0.2
8401, 白紗科,0.854,0.85,1.28,0.4,0.6,1.14
8403, 盛弘,0.796,0.5,0.5,1,1.49,0.49
8404, 百和興業-KY,0.44,0.2,0.3,0.2,0.3,1.2
8406, 金可-KY,6.4,5,6.8,6.8,6.8,6.6
8409, 商之器,0,0,0, nan, nan, nan
8410, 森田,1.44,1.75,1.65,1.5,0.3,2
8411, 福貞-KY,0.368,0,0.35,0.35,0.3,0.84
8415, 大國鋼,1,2.4,1,1,0.6, nan
8416, 實威,6.2,7.5,6,6,6,5.5
8418, 捷必勝-KY,0.08,0,0,0.2, nan,0.2
8420, 明揚,0.78,0.8,0.5,1.2,1.2,0.2
8421, 旭源,0.466,0.35,0.3,1.18,0.5, nan
8422, 可寧衛,10.1,10,11,11.5,10,8
8423, 保綠-KY,0.61,1,0.5,0.55,0.5,0.5
8424, 惠普,3.06,3.8,3.5,3,2.5,2.5
8426, 紅木-KY,2.34,0,1.7,4.5,2.5,3
8427, 基勝-KY,1.89,0,0.35,4,3.6,1.5
8429, 金麗-KY,0.412,0.13,0.13,0.7,0.4,0.7
8431, 匯鑽科,0.264,0,0, nan, nan,1.32
8432, 東生華,2.18,1.6,2.1,3.1,2.1,2
8433, 弘帆,4.622,3,5.05,6.06,5.5,3.5
8435, 鉅邁,3.13,3.2,3.3,3,3.15,3
8436, 大江,3.132,6.95,2.69,3.52,1.5,1
8437, 大地-KY,5.964,8.25,7.09,6.33,4.65,3.5
8440, 綠電,0.422,0.5,0.86,0.75, nan, nan
8442, 威宏-KY,0.74,1.5,0,2.2, nan, nan
8443, 阿瘦,0.848,0.43,0.28,0.3,1.5,1.73
8444, 綠河-KY,2.72,2,4.2,3.2,2.2,2
8446, 華研,4.5,6,5,5,4.5,2
8450, 霹靂,1.352,0.8,0,2,2.56,1.4
8454, 富邦媒,8.096,9,8,8,7,8.48
8455, 大拓-KY,0.096,0.17,0.11,0.12,0.08, nan
8462, 柏文,2.328,5.29,3.42,1.06,1.87, nan
8463, 潤泰材,1.158,0.7,0.83,1.1,1,2.16
8464, 億豐,7.616,10,10,10,8.08, nan
8466, 美吉吉-KY,3.2,3,6,7, nan, nan
8467, 波力-KY,1.508,2.5,1.5,1.54,2, nan
8472, 夠麻吉,1.654,0.55,1,2.77,3.95, nan
8473, 山林水,2.352,2.56,3,3.2,3, nan
8476, 台境,0.2,0,0,1, nan, nan
8477, 創業家,1.306,1.88,0.82,2.38,1.45, nan
8478, 東哥遊艇,0.944,2,2.07,0.65, nan, nan
8480, 泰昇-KY,3.06,5.3,4,6, nan, nan
8481, 政伸,1.64,3,3,2.2, nan, nan
8482, 商億-KY,1.6,8, nan, nan, nan, nan
8488, 吉源-KY,0.74,0.5,1.2,2, nan, nan
8489, 三貝德,2.32,5,5,1.6, nan, nan
8497, 格威傳媒,1.88,3.5,3,2.9, nan, nan
8499, 鼎炫-KY,2.01,5,5.05, nan, nan, nan
8905, 裕國,0.94,1,1,1,0.7,1
8906, 花王,0.022,0.11,0, nan, nan, nan
8908, 欣雄,0.856,0.9,0.78,1.2,0.6,0.8
8916, 光隆,3.182,3.37,2.99,3.58,3,2.97
8917, 欣泰,1.366,2.1,1.5,1.23,1,1
8921, 沈氏,0.632,0.35,0.26,0.79,0.76,1
8923, 時報,0.87,0.85,0.9,0.9,0.85,0.85
8924, 大田,0.92,1.2,3.4, nan, nan, nan
8926, 台汽電,1.38,1.5,1.3,1.2,1.3,1.6
8927, 北基,0.062,0.2,0.11, nan, nan, nan
8928, 鉅明,1.8,1.5,1.5,1.5,2.5,2
8929, 富堡,1.12,0.7,1.5,1.5,0.7,1.2
8930, 青鋼,0.5,0.6,0.7,0.7, nan,0.5
8931, 大汽電,0.64,0.6,0.9,0.8,0.4,0.5
8932, 宏大,0.12,0.6,0, nan, nan, nan
8933, 愛地雅,0.22,0,0,0.2,0.5,0.4
8934, 衡平,0,0,0, nan, nan,0
8935, 邦泰,0,0,0, nan, nan, nan
8936, 國統,0.54,0.1,0, nan,0.5,2.1
8937, 合騏,0.092,0.11,0, nan,0.11,0.24
8938, 明安,1.46,2.2,2.6,1.3,0.7,0.5
8940, 新天地,0,0,0, nan, nan, nan
8941, 關中,3.2,3,8,3,1.5,0.5
8942, 森鉅,4.766,5.56,3.02,5.25,6,4
8996, 高力,1.74,2,1,3,1.5,1.2
9802, 鈺齊-KY,3.08,3.63,4.11,3.19,2,2.47
9902, 台火,0.1,0.3,0, nan,0.2, nan
9904, 寶成,1.6,1.5,2,1.5,1.5,1.5
9905, 大華,1.54,1,1.7,1.5,1.5,2
9906, 欣巴巴,0,0,0,0, nan, nan
9907, 統一實,0.424,0.47,0.5,0.38,0.32,0.45
9908, 大台北,1.04,1.1,1.1,1,1,1
9910, 豐泰,5.12,6.7,5,5.2,5,3.7
9911, 櫻花,2.07,2.65,2.6,2.5,1.3,1.3
9912, 偉聯,0.2,0, nan, nan, nan,1
9914, 美利達,4.36,3.5,2,4,5.5,6.8
9917, 中保科,3.9,4,4,3.5,4,4
9918, 欣天然,1.16,1.15,1.2,1.15,1.2,1.1
9919, 康那香,0.28,0.2,0.35,0.2,0.3,0.35
9921, 巨大,5.18,4.6,3.5,5,6.2,6.6
9924, 福興,2.4,2.4,2,2.8,2.8,2
9925, 新保,1.98,2,2,2,2,1.9
9926, 新海,1.44,1.5,1.6,1.6,1.3,1.2
9927, 泰銘,2.276,1.38,3,2.5,2,2.5
9928, 中視,0,0, nan,0, nan, nan
9929, 秋雨,0,0, nan, nan, nan, nan
9930, 中聯資源,2.7,2,1,2.8,3.5,4.2
9931, 欣高,1.2,1.3,1.2,1.2,1,1.3
9933, 中鼎,2.542,2.25,3.23,2.6,2.4,2.23
9934, 成霖,1.096,1.3,1.5,0.98,1.2,0.5
9935, 慶豐富,0.066,0.33,0, nan, nan, nan
9937, 全國,1.72,2,2,2,1.4,1.2
9938, 百和,2.52,2.6,3,3,2,2
9939, 宏全,2.3,2.3,2.5,2.5,2,2.2
9940, 信義,1.3,1.3,2.5,1,0.7,1
9941, 裕融,5.21,5.5,5.9,4.81,4.74,5.1
9942, 茂順,4.08,4.2,4.2,4,4,4
9943, 好樂迪,4.28,5.4,4,4,4,4
9944, 新麗,0.258,0,0.3,0.3,0.3,0.39
9945, 潤泰新,1.6,2,2,0, nan,4
9946, 三發地產,0.48,0.3,0.6,0.5,1,0
9949, 琉園,0.06,0,0, nan, nan,0.3
9950, 萬國通,0.216,0,0,0.3,0.34,0.44
9951, 皇田,5.24,4.2,5.3,5.8,5.5,5.4
9955, 佳龍,0,0, nan, nan, nan, nan
9958, 世紀鋼,0.28,0.3,0.3,0.3,0.4,0.1
9960, 邁達康,0.43,0.45,0,0.4,0.5,0.8
9962, 有益,0.47,0.9,0.65,0.6, nan,0.2
#! Qfresh = 19Q3,,,,,,,
#! since = 14,,,,,,,
#! table = div,,,,,,,
#! field = 現金股利,,,,,,,
